industry,code
CI005001.WI,000059.SZ
CI005001.WI,000096.SZ
CI005001.WI,000159.SZ
CI005001.WI,000406.SZ
CI005001.WI,000554.SZ
CI005001.WI,000618.SZ
CI005001.WI,000637.SZ
CI005001.WI,000698.SZ
CI005001.WI,000703.SZ
CI005001.WI,000763.SZ
CI005001.WI,000817.SZ
CI005001.WI,000819.SZ
CI005001.WI,000866.SZ
CI005001.WI,000956.SZ
CI005001.WI,000968.SZ
CI005001.WI,000985.SZ
CI005001.WI,002064.SZ
CI005001.WI,002172.SZ
CI005001.WI,002206.SZ
CI005001.WI,002221.SZ
CI005001.WI,002254.SZ
CI005001.WI,002377.SZ
CI005001.WI,002408.SZ
CI005001.WI,002476.SZ
CI005001.WI,002493.SZ
CI005001.WI,002524.SZ
CI005001.WI,002648.SZ
CI005001.WI,002778.SZ
CI005001.WI,002828.SZ
CI005001.WI,300135.SZ
CI005001.WI,300384.SZ
CI005001.WI,600002.SH
CI005001.WI,600028.SH
CI005001.WI,600256.SH
CI005001.WI,600339.SH
CI005001.WI,600346.SH
CI005001.WI,600378.SH
CI005001.WI,600387.SH
CI005001.WI,600583.SH
CI005001.WI,600688.SH
CI005001.WI,600759.SH
CI005001.WI,600777.SH
CI005001.WI,600871.SH
CI005001.WI,601113.SH
CI005001.WI,601233.SH
CI005001.WI,601808.SH
CI005001.WI,601857.SH
CI005001.WI,603026.SH
CI005001.WI,603619.SH
CI005001.WI,603727.SH
CI005001.WI,603798.SH
CI005001.WI,603800.SH
CI005002.WI,000552.SZ
CI005002.WI,000723.SZ
CI005002.WI,000780.SZ
CI005002.WI,000937.SZ
CI005002.WI,000983.SZ
CI005002.WI,002128.SZ
CI005002.WI,002753.SZ
CI005002.WI,600121.SH
CI005002.WI,600123.SH
CI005002.WI,600157.SH
CI005002.WI,600188.SH
CI005002.WI,600348.SH
CI005002.WI,600395.SH
CI005002.WI,600397.SH
CI005002.WI,600403.SH
CI005002.WI,600408.SH
CI005002.WI,600508.SH
CI005002.WI,600546.SH
CI005002.WI,600714.SH
CI005002.WI,600725.SH
CI005002.WI,600740.SH
CI005002.WI,600758.SH
CI005002.WI,600792.SH
CI005002.WI,600971.SH
CI005002.WI,600997.SH
CI005002.WI,601001.SH
CI005002.WI,601011.SH
CI005002.WI,601015.SH
CI005002.WI,601088.SH
CI005002.WI,601101.SH
CI005002.WI,601225.SH
CI005002.WI,601666.SH
CI005002.WI,601699.SH
CI005002.WI,601898.SH
CI005002.WI,601918.SH
CI005002.WI,603113.SH
CI005003.WI,000060.SZ
CI005003.WI,000426.SZ
CI005003.WI,000603.SZ
CI005003.WI,000612.SZ
CI005003.WI,000630.SZ
CI005003.WI,000633.SZ
CI005003.WI,000657.SZ
CI005003.WI,000688.SZ
CI005003.WI,000693.SZ
CI005003.WI,000697.SZ
CI005003.WI,000751.SZ
CI005003.WI,000758.SZ
CI005003.WI,000762.SZ
CI005003.WI,000807.SZ
CI005003.WI,000831.SZ
CI005003.WI,000878.SZ
CI005003.WI,000933.SZ
CI005003.WI,000960.SZ
CI005003.WI,000962.SZ
CI005003.WI,000969.SZ
CI005003.WI,000975.SZ
CI005003.WI,002070.SZ
CI005003.WI,002082.SZ
CI005003.WI,002114.SZ
CI005003.WI,002149.SZ
CI005003.WI,002155.SZ
CI005003.WI,002160.SZ
CI005003.WI,002167.SZ
CI005003.WI,002171.SZ
CI005003.WI,002182.SZ
CI005003.WI,002203.SZ
CI005003.WI,002237.SZ
CI005003.WI,002240.SZ
CI005003.WI,002295.SZ
CI005003.WI,002378.SZ
CI005003.WI,002379.SZ
CI005003.WI,002428.SZ
CI005003.WI,002460.SZ
CI005003.WI,002466.SZ
CI005003.WI,002501.SZ
CI005003.WI,002540.SZ
CI005003.WI,002578.SZ
CI005003.WI,002716.SZ
CI005003.WI,002738.SZ
CI005003.WI,002806.SZ
CI005003.WI,002824.SZ
CI005003.WI,002842.SZ
CI005003.WI,300328.SZ
CI005003.WI,300337.SZ
CI005003.WI,300428.SZ
CI005003.WI,300618.SZ
CI005003.WI,300697.SZ
CI005003.WI,600111.SH
CI005003.WI,600139.SH
CI005003.WI,600205.SH
CI005003.WI,600219.SH
CI005003.WI,600255.SH
CI005003.WI,600259.SH
CI005003.WI,600296.SH
CI005003.WI,600311.SH
CI005003.WI,600330.SH
CI005003.WI,600331.SH
CI005003.WI,600338.SH
CI005003.WI,600362.SH
CI005003.WI,600366.SH
CI005003.WI,600385.SH
CI005003.WI,600390.SH
CI005003.WI,600392.SH
CI005003.WI,600432.SH
CI005003.WI,600456.SH
CI005003.WI,600459.SH
CI005003.WI,600472.SH
CI005003.WI,600489.SH
CI005003.WI,600490.SH
CI005003.WI,600497.SH
CI005003.WI,600531.SH
CI005003.WI,600547.SH
CI005003.WI,600549.SH
CI005003.WI,600595.SH
CI005003.WI,600614.SH
CI005003.WI,600615.SH
CI005003.WI,600673.SH
CI005003.WI,600687.SH
CI005003.WI,600711.SH
CI005003.WI,600766.SH
CI005003.WI,600768.SH
CI005003.WI,600888.SH
CI005003.WI,600961.SH
CI005003.WI,600980.SH
CI005003.WI,600988.SH
CI005003.WI,601020.SH
CI005003.WI,601069.SH
CI005003.WI,601137.SH
CI005003.WI,601168.SH
CI005003.WI,601212.SH
CI005003.WI,601388.SH
CI005003.WI,601600.SH
CI005003.WI,601677.SH
CI005003.WI,601899.SH
CI005003.WI,601958.SH
CI005003.WI,603260.SH
CI005003.WI,603399.SH
CI005003.WI,603527.SH
CI005003.WI,603612.SH
CI005003.WI,603663.SH
CI005003.WI,603799.SH
CI005003.WI,603937.SH
CI005003.WI,603978.SH
CI005003.WI,603979.SH
CI005003.WI,603993.SH
CI005004.WI,000005.SZ
CI005004.WI,000027.SZ
CI005004.WI,000035.SZ
CI005004.WI,000037.SZ
CI005004.WI,000040.SZ
CI005004.WI,000068.SZ
CI005004.WI,000301.SZ
CI005004.WI,000407.SZ
CI005004.WI,000421.SZ
CI005004.WI,000531.SZ
CI005004.WI,000539.SZ
CI005004.WI,000543.SZ
CI005004.WI,000544.SZ
CI005004.WI,000591.SZ
CI005004.WI,000593.SZ
CI005004.WI,000598.SZ
CI005004.WI,000600.SZ
CI005004.WI,000601.SZ
CI005004.WI,000602.SZ
CI005004.WI,000605.SZ
CI005004.WI,000669.SZ
CI005004.WI,000685.SZ
CI005004.WI,000690.SZ
CI005004.WI,000692.SZ
CI005004.WI,000695.SZ
CI005004.WI,000711.SZ
CI005004.WI,000720.SZ
CI005004.WI,000722.SZ
CI005004.WI,000767.SZ
CI005004.WI,000791.SZ
CI005004.WI,000820.SZ
CI005004.WI,000826.SZ
CI005004.WI,000875.SZ
CI005004.WI,000883.SZ
CI005004.WI,000899.SZ
CI005004.WI,000920.SZ
CI005004.WI,000939.SZ
CI005004.WI,000958.SZ
CI005004.WI,000966.SZ
CI005004.WI,000967.SZ
CI005004.WI,000993.SZ
CI005004.WI,001896.SZ
CI005004.WI,002015.SZ
CI005004.WI,002034.SZ
CI005004.WI,002039.SZ
CI005004.WI,002267.SZ
CI005004.WI,002340.SZ
CI005004.WI,002479.SZ
CI005004.WI,002499.SZ
CI005004.WI,002573.SZ
CI005004.WI,002616.SZ
CI005004.WI,002630.SZ
CI005004.WI,002658.SZ
CI005004.WI,002672.SZ
CI005004.WI,002700.SZ
CI005004.WI,002893.SZ
CI005004.WI,002911.SZ
CI005004.WI,300012.SZ
CI005004.WI,300055.SZ
CI005004.WI,300056.SZ
CI005004.WI,300070.SZ
CI005004.WI,300090.SZ
CI005004.WI,300137.SZ
CI005004.WI,300156.SZ
CI005004.WI,300172.SZ
CI005004.WI,300187.SZ
CI005004.WI,300190.SZ
CI005004.WI,300203.SZ
CI005004.WI,300262.SZ
CI005004.WI,300266.SZ
CI005004.WI,300332.SZ
CI005004.WI,300334.SZ
CI005004.WI,300335.SZ
CI005004.WI,300362.SZ
CI005004.WI,300385.SZ
CI005004.WI,300388.SZ
CI005004.WI,300422.SZ
CI005004.WI,300425.SZ
CI005004.WI,300569.SZ
CI005004.WI,300631.SZ
CI005004.WI,300664.SZ
CI005004.WI,300692.SZ
CI005004.WI,600008.SH
CI005004.WI,600011.SH
CI005004.WI,600021.SH
CI005004.WI,600023.SH
CI005004.WI,600025.SH
CI005004.WI,600027.SH
CI005004.WI,600098.SH
CI005004.WI,600101.SH
CI005004.WI,600116.SH
CI005004.WI,600131.SH
CI005004.WI,600167.SH
CI005004.WI,600168.SH
CI005004.WI,600187.SH
CI005004.WI,600217.SH
CI005004.WI,600236.SH
CI005004.WI,600283.SH
CI005004.WI,600292.SH
CI005004.WI,600310.SH
CI005004.WI,600323.SH
CI005004.WI,600333.SH
CI005004.WI,600388.SH
CI005004.WI,600396.SH
CI005004.WI,600452.SH
CI005004.WI,600461.SH
CI005004.WI,600483.SH
CI005004.WI,600499.SH
CI005004.WI,600505.SH
CI005004.WI,600509.SH
CI005004.WI,600526.SH
CI005004.WI,600578.SH
CI005004.WI,600617.SH
CI005004.WI,600635.SH
CI005004.WI,600642.SH
CI005004.WI,600644.SH
CI005004.WI,600674.SH
CI005004.WI,600681.SH
CI005004.WI,600719.SH
CI005004.WI,600726.SH
CI005004.WI,600744.SH
CI005004.WI,600769.SH
CI005004.WI,600780.SH
CI005004.WI,600795.SH
CI005004.WI,600856.SH
CI005004.WI,600863.SH
CI005004.WI,600864.SH
CI005004.WI,600868.SH
CI005004.WI,600874.SH
CI005004.WI,600886.SH
CI005004.WI,600900.SH
CI005004.WI,600903.SH
CI005004.WI,600917.SH
CI005004.WI,600969.SH
CI005004.WI,600979.SH
CI005004.WI,600982.SH
CI005004.WI,600995.SH
CI005004.WI,601016.SH
CI005004.WI,601139.SH
CI005004.WI,601158.SH
CI005004.WI,601199.SH
CI005004.WI,601200.SH
CI005004.WI,601368.SH
CI005004.WI,601619.SH
CI005004.WI,601985.SH
CI005004.WI,601991.SH
CI005004.WI,603080.SH
CI005004.WI,603126.SH
CI005004.WI,603165.SH
CI005004.WI,603177.SH
CI005004.WI,603200.SH
CI005004.WI,603393.SH
CI005004.WI,603568.SH
CI005004.WI,603588.SH
CI005004.WI,603603.SH
CI005004.WI,603686.SH
CI005004.WI,603689.SH
CI005004.WI,603797.SH
CI005004.WI,603817.SH
CI005004.WI,603903.SH
CI005005.WI,000515.SZ
CI005005.WI,000569.SZ
CI005005.WI,000629.SZ
CI005005.WI,000655.SZ
CI005005.WI,000708.SZ
CI005005.WI,000709.SZ
CI005005.WI,000717.SZ
CI005005.WI,000761.SZ
CI005005.WI,000778.SZ
CI005005.WI,000825.SZ
CI005005.WI,000898.SZ
CI005005.WI,000906.SZ
CI005005.WI,000932.SZ
CI005005.WI,000959.SZ
CI005005.WI,002057.SZ
CI005005.WI,002075.SZ
CI005005.WI,002110.SZ
CI005005.WI,002297.SZ
CI005005.WI,002318.SZ
CI005005.WI,002423.SZ
CI005005.WI,002443.SZ
CI005005.WI,002478.SZ
CI005005.WI,002652.SZ
CI005005.WI,002756.SZ
CI005005.WI,600001.SH
CI005005.WI,600005.SH
CI005005.WI,600010.SH
CI005005.WI,600019.SH
CI005005.WI,600022.SH
CI005005.WI,600058.SH
CI005005.WI,600102.SH
CI005005.WI,600117.SH
CI005005.WI,600126.SH
CI005005.WI,600193.SH
CI005005.WI,600231.SH
CI005005.WI,600282.SH
CI005005.WI,600295.SH
CI005005.WI,600307.SH
CI005005.WI,600357.SH
CI005005.WI,600381.SH
CI005005.WI,600507.SH
CI005005.WI,600532.SH
CI005005.WI,600569.SH
CI005005.WI,600581.SH
CI005005.WI,600608.SH
CI005005.WI,600782.SH
CI005005.WI,600808.SH
CI005005.WI,600882.SH
CI005005.WI,601003.SH
CI005005.WI,601005.SH
CI005005.WI,601028.SH
CI005005.WI,601969.SH
CI005005.WI,603028.SH
CI005005.WI,603878.SH
CI005005.WI,603969.SH
CI005006.WI,000155.SZ
CI005006.WI,000408.SZ
CI005006.WI,000420.SZ
CI005006.WI,000422.SZ
CI005006.WI,000510.SZ
CI005006.WI,000523.SZ
CI005006.WI,000525.SZ
CI005006.WI,000545.SZ
CI005006.WI,000553.SZ
CI005006.WI,000565.SZ
CI005006.WI,000578.SZ
CI005006.WI,000584.SZ
CI005006.WI,000635.SZ
CI005006.WI,000677.SZ
CI005006.WI,000683.SZ
CI005006.WI,000687.SZ
CI005006.WI,000707.SZ
CI005006.WI,000731.SZ
CI005006.WI,000737.SZ
CI005006.WI,000755.SZ
CI005006.WI,000782.SZ
CI005006.WI,000792.SZ
CI005006.WI,000818.SZ
CI005006.WI,000822.SZ
CI005006.WI,000830.SZ
CI005006.WI,000859.SZ
CI005006.WI,000902.SZ
CI005006.WI,000912.SZ
CI005006.WI,000936.SZ
CI005006.WI,000949.SZ
CI005006.WI,000950.SZ
CI005006.WI,000953.SZ
CI005006.WI,000973.SZ
CI005006.WI,000990.SZ
CI005006.WI,002002.SZ
CI005006.WI,002004.SZ
CI005006.WI,002010.SZ
CI005006.WI,002018.SZ
CI005006.WI,002037.SZ
CI005006.WI,002053.SZ
CI005006.WI,002054.SZ
CI005006.WI,002061.SZ
CI005006.WI,002068.SZ
CI005006.WI,002092.SZ
CI005006.WI,002096.SZ
CI005006.WI,002108.SZ
CI005006.WI,002109.SZ
CI005006.WI,002125.SZ
CI005006.WI,002136.SZ
CI005006.WI,002145.SZ
CI005006.WI,002165.SZ
CI005006.WI,002170.SZ
CI005006.WI,002211.SZ
CI005006.WI,002215.SZ
CI005006.WI,002224.SZ
CI005006.WI,002226.SZ
CI005006.WI,002246.SZ
CI005006.WI,002250.SZ
CI005006.WI,002256.SZ
CI005006.WI,002258.SZ
CI005006.WI,002263.SZ
CI005006.WI,002274.SZ
CI005006.WI,002319.SZ
CI005006.WI,002324.SZ
CI005006.WI,002326.SZ
CI005006.WI,002360.SZ
CI005006.WI,002361.SZ
CI005006.WI,002381.SZ
CI005006.WI,002382.SZ
CI005006.WI,002386.SZ
CI005006.WI,002391.SZ
CI005006.WI,002395.SZ
CI005006.WI,002407.SZ
CI005006.WI,002409.SZ
CI005006.WI,002411.SZ
CI005006.WI,002427.SZ
CI005006.WI,002440.SZ
CI005006.WI,002442.SZ
CI005006.WI,002450.SZ
CI005006.WI,002453.SZ
CI005006.WI,002455.SZ
CI005006.WI,002464.SZ
CI005006.WI,002470.SZ
CI005006.WI,002496.SZ
CI005006.WI,002497.SZ
CI005006.WI,002513.SZ
CI005006.WI,002522.SZ
CI005006.WI,002538.SZ
CI005006.WI,002539.SZ
CI005006.WI,002549.SZ
CI005006.WI,002556.SZ
CI005006.WI,002562.SZ
CI005006.WI,002581.SZ
CI005006.WI,002584.SZ
CI005006.WI,002585.SZ
CI005006.WI,002588.SZ
CI005006.WI,002591.SZ
CI005006.WI,002597.SZ
CI005006.WI,002601.SZ
CI005006.WI,002632.SZ
CI005006.WI,002637.SZ
CI005006.WI,002643.SZ
CI005006.WI,002666.SZ
CI005006.WI,002669.SZ
CI005006.WI,002683.SZ
CI005006.WI,002694.SZ
CI005006.WI,002709.SZ
CI005006.WI,002734.SZ
CI005006.WI,002748.SZ
CI005006.WI,002749.SZ
CI005006.WI,002768.SZ
CI005006.WI,002783.SZ
CI005006.WI,002802.SZ
CI005006.WI,002805.SZ
CI005006.WI,002809.SZ
CI005006.WI,002810.SZ
CI005006.WI,002827.SZ
CI005006.WI,002838.SZ
CI005006.WI,002855.SZ
CI005006.WI,002886.SZ
CI005006.WI,002895.SZ
CI005006.WI,002909.SZ
CI005006.WI,002915.SZ
CI005006.WI,002917.SZ
CI005006.WI,002919.SZ
CI005006.WI,300019.SZ
CI005006.WI,300037.SZ
CI005006.WI,300041.SZ
CI005006.WI,300054.SZ
CI005006.WI,300067.SZ
CI005006.WI,300072.SZ
CI005006.WI,300073.SZ
CI005006.WI,300082.SZ
CI005006.WI,300107.SZ
CI005006.WI,300108.SZ
CI005006.WI,300121.SZ
CI005006.WI,300132.SZ
CI005006.WI,300169.SZ
CI005006.WI,300174.SZ
CI005006.WI,300180.SZ
CI005006.WI,300192.SZ
CI005006.WI,300200.SZ
CI005006.WI,300214.SZ
CI005006.WI,300218.SZ
CI005006.WI,300221.SZ
CI005006.WI,300225.SZ
CI005006.WI,300230.SZ
CI005006.WI,300236.SZ
CI005006.WI,300243.SZ
CI005006.WI,300261.SZ
CI005006.WI,300285.SZ
CI005006.WI,300305.SZ
CI005006.WI,300320.SZ
CI005006.WI,300321.SZ
CI005006.WI,300325.SZ
CI005006.WI,300340.SZ
CI005006.WI,300343.SZ
CI005006.WI,300387.SZ
CI005006.WI,300398.SZ
CI005006.WI,300405.SZ
CI005006.WI,300429.SZ
CI005006.WI,300437.SZ
CI005006.WI,300459.SZ
CI005006.WI,300478.SZ
CI005006.WI,300481.SZ
CI005006.WI,300487.SZ
CI005006.WI,300505.SZ
CI005006.WI,300522.SZ
CI005006.WI,300530.SZ
CI005006.WI,300535.SZ
CI005006.WI,300537.SZ
CI005006.WI,300538.SZ
CI005006.WI,300539.SZ
CI005006.WI,300547.SZ
CI005006.WI,300568.SZ
CI005006.WI,300575.SZ
CI005006.WI,300576.SZ
CI005006.WI,300586.SZ
CI005006.WI,300587.SZ
CI005006.WI,300596.SZ
CI005006.WI,300599.SZ
CI005006.WI,300610.SZ
CI005006.WI,300641.SZ
CI005006.WI,300655.SZ
CI005006.WI,300665.SZ
CI005006.WI,300684.SZ
CI005006.WI,300690.SZ
CI005006.WI,300699.SZ
CI005006.WI,300716.SZ
CI005006.WI,300717.SZ
CI005006.WI,300721.SZ
CI005006.WI,300727.SZ
CI005006.WI,300740.SZ
CI005006.WI,600063.SH
CI005006.WI,600074.SH
CI005006.WI,600075.SH
CI005006.WI,600078.SH
CI005006.WI,600091.SH
CI005006.WI,600096.SH
CI005006.WI,600135.SH
CI005006.WI,600141.SH
CI005006.WI,600143.SH
CI005006.WI,600155.SH
CI005006.WI,600160.SH
CI005006.WI,600226.SH
CI005006.WI,600227.SH
CI005006.WI,600228.SH
CI005006.WI,600230.SH
CI005006.WI,600249.SH
CI005006.WI,600273.SH
CI005006.WI,600277.SH
CI005006.WI,600281.SH
CI005006.WI,600299.SH
CI005006.WI,600301.SH
CI005006.WI,600309.SH
CI005006.WI,600319.SH
CI005006.WI,600328.SH
CI005006.WI,600352.SH
CI005006.WI,600367.SH
CI005006.WI,600389.SH
CI005006.WI,600409.SH
CI005006.WI,600423.SH
CI005006.WI,600426.SH
CI005006.WI,600444.SH
CI005006.WI,600470.SH
CI005006.WI,600486.SH
CI005006.WI,600500.SH
CI005006.WI,600538.SH
CI005006.WI,600589.SH
CI005006.WI,600596.SH
CI005006.WI,600618.SH
CI005006.WI,600636.SH
CI005006.WI,600691.SH
CI005006.WI,600722.SH
CI005006.WI,600727.SH
CI005006.WI,600731.SH
CI005006.WI,600746.SH
CI005006.WI,600796.SH
CI005006.WI,600803.SH
CI005006.WI,600810.SH
CI005006.WI,600844.SH
CI005006.WI,600889.SH
CI005006.WI,600985.SH
CI005006.WI,601163.SH
CI005006.WI,601208.SH
CI005006.WI,601216.SH
CI005006.WI,601500.SH
CI005006.WI,601678.SH
CI005006.WI,601966.SH
CI005006.WI,603002.SH
CI005006.WI,603010.SH
CI005006.WI,603033.SH
CI005006.WI,603041.SH
CI005006.WI,603067.SH
CI005006.WI,603077.SH
CI005006.WI,603078.SH
CI005006.WI,603086.SH
CI005006.WI,603110.SH
CI005006.WI,603133.SH
CI005006.WI,603181.SH
CI005006.WI,603188.SH
CI005006.WI,603225.SH
CI005006.WI,603227.SH
CI005006.WI,603266.SH
CI005006.WI,603299.SH
CI005006.WI,603330.SH
CI005006.WI,603360.SH
CI005006.WI,603378.SH
CI005006.WI,603519.SH
CI005006.WI,603580.SH
CI005006.WI,603585.SH
CI005006.WI,603599.SH
CI005006.WI,603601.SH
CI005006.WI,603605.SH
CI005006.WI,603615.SH
CI005006.WI,603630.SH
CI005006.WI,603639.SH
CI005006.WI,603683.SH
CI005006.WI,603722.SH
CI005006.WI,603737.SH
CI005006.WI,603822.SH
CI005006.WI,603823.SH
CI005006.WI,603879.SH
CI005006.WI,603906.SH
CI005006.WI,603916.SH
CI005006.WI,603928.SH
CI005006.WI,603938.SH
CI005006.WI,603968.SH
CI005006.WI,603970.SH
CI005006.WI,603977.SH
CI005006.WI,603980.SH
CI005006.WI,603991.SH
CI005007.WI,000010.SZ
CI005007.WI,000018.SZ
CI005007.WI,000065.SZ
CI005007.WI,000090.SZ
CI005007.WI,000498.SZ
CI005007.WI,000628.SZ
CI005007.WI,000928.SZ
CI005007.WI,002047.SZ
CI005007.WI,002051.SZ
CI005007.WI,002060.SZ
CI005007.WI,002062.SZ
CI005007.WI,002081.SZ
CI005007.WI,002116.SZ
CI005007.WI,002135.SZ
CI005007.WI,002140.SZ
CI005007.WI,002178.SZ
CI005007.WI,002307.SZ
CI005007.WI,002310.SZ
CI005007.WI,002314.SZ
CI005007.WI,002325.SZ
CI005007.WI,002375.SZ
CI005007.WI,002398.SZ
CI005007.WI,002421.SZ
CI005007.WI,002431.SZ
CI005007.WI,002469.SZ
CI005007.WI,002482.SZ
CI005007.WI,002541.SZ
CI005007.WI,002542.SZ
CI005007.WI,002545.SZ
CI005007.WI,002586.SZ
CI005007.WI,002620.SZ
CI005007.WI,002628.SZ
CI005007.WI,002659.SZ
CI005007.WI,002663.SZ
CI005007.WI,002713.SZ
CI005007.WI,002717.SZ
CI005007.WI,002755.SZ
CI005007.WI,002775.SZ
CI005007.WI,002781.SZ
CI005007.WI,002789.SZ
CI005007.WI,002791.SZ
CI005007.WI,002811.SZ
CI005007.WI,002822.SZ
CI005007.WI,002830.SZ
CI005007.WI,002856.SZ
CI005007.WI,002883.SZ
CI005007.WI,002887.SZ
CI005007.WI,300044.SZ
CI005007.WI,300117.SZ
CI005007.WI,300197.SZ
CI005007.WI,300284.SZ
CI005007.WI,300300.SZ
CI005007.WI,300355.SZ
CI005007.WI,300483.SZ
CI005007.WI,300495.SZ
CI005007.WI,300500.SZ
CI005007.WI,300506.SZ
CI005007.WI,300517.SZ
CI005007.WI,300536.SZ
CI005007.WI,300592.SZ
CI005007.WI,300621.SZ
CI005007.WI,300649.SZ
CI005007.WI,300668.SZ
CI005007.WI,300712.SZ
CI005007.WI,600039.SH
CI005007.WI,600068.SH
CI005007.WI,600083.SH
CI005007.WI,600170.SH
CI005007.WI,600209.SH
CI005007.WI,600248.SH
CI005007.WI,600263.SH
CI005007.WI,600284.SH
CI005007.WI,600326.SH
CI005007.WI,600477.SH
CI005007.WI,600491.SH
CI005007.WI,600496.SH
CI005007.WI,600502.SH
CI005007.WI,600512.SH
CI005007.WI,600528.SH
CI005007.WI,600545.SH
CI005007.WI,600590.SH
CI005007.WI,600610.SH
CI005007.WI,600820.SH
CI005007.WI,600846.SH
CI005007.WI,600853.SH
CI005007.WI,600939.SH
CI005007.WI,600970.SH
CI005007.WI,600986.SH
CI005007.WI,601117.SH
CI005007.WI,601186.SH
CI005007.WI,601226.SH
CI005007.WI,601390.SH
CI005007.WI,601611.SH
CI005007.WI,601618.SH
CI005007.WI,601668.SH
CI005007.WI,601669.SH
CI005007.WI,601789.SH
CI005007.WI,601800.SH
CI005007.WI,601886.SH
CI005007.WI,603007.SH
CI005007.WI,603017.SH
CI005007.WI,603018.SH
CI005007.WI,603030.SH
CI005007.WI,603081.SH
CI005007.WI,603098.SH
CI005007.WI,603300.SH
CI005007.WI,603316.SH
CI005007.WI,603359.SH
CI005007.WI,603388.SH
CI005007.WI,603458.SH
CI005007.WI,603466.SH
CI005007.WI,603637.SH
CI005007.WI,603717.SH
CI005007.WI,603828.SH
CI005007.WI,603843.SH
CI005007.WI,603860.SH
CI005007.WI,603887.SH
CI005007.WI,603909.SH
CI005007.WI,603929.SH
CI005007.WI,603959.SH
CI005008.WI,000012.SZ
CI005008.WI,000023.SZ
CI005008.WI,000055.SZ
CI005008.WI,000401.SZ
CI005008.WI,000509.SZ
CI005008.WI,000511.SZ
CI005008.WI,000546.SZ
CI005008.WI,000619.SZ
CI005008.WI,000672.SZ
CI005008.WI,000786.SZ
CI005008.WI,000789.SZ
CI005008.WI,000795.SZ
CI005008.WI,000877.SZ
CI005008.WI,000885.SZ
CI005008.WI,000935.SZ
CI005008.WI,002043.SZ
CI005008.WI,002066.SZ
CI005008.WI,002080.SZ
CI005008.WI,002088.SZ
CI005008.WI,002102.SZ
CI005008.WI,002162.SZ
CI005008.WI,002163.SZ
CI005008.WI,002192.SZ
CI005008.WI,002201.SZ
CI005008.WI,002205.SZ
CI005008.WI,002225.SZ
CI005008.WI,002233.SZ
CI005008.WI,002271.SZ
CI005008.WI,002302.SZ
CI005008.WI,002333.SZ
CI005008.WI,002346.SZ
CI005008.WI,002372.SZ
CI005008.WI,002392.SZ
CI005008.WI,002457.SZ
CI005008.WI,002596.SZ
CI005008.WI,002613.SZ
CI005008.WI,002619.SZ
CI005008.WI,002623.SZ
CI005008.WI,002641.SZ
CI005008.WI,002671.SZ
CI005008.WI,002718.SZ
CI005008.WI,002742.SZ
CI005008.WI,002785.SZ
CI005008.WI,002798.SZ
CI005008.WI,002918.SZ
CI005008.WI,300021.SZ
CI005008.WI,300064.SZ
CI005008.WI,300093.SZ
CI005008.WI,300160.SZ
CI005008.WI,300163.SZ
CI005008.WI,300179.SZ
CI005008.WI,300196.SZ
CI005008.WI,300198.SZ
CI005008.WI,300234.SZ
CI005008.WI,300344.SZ
CI005008.WI,300345.SZ
CI005008.WI,300374.SZ
CI005008.WI,300409.SZ
CI005008.WI,300706.SZ
CI005008.WI,300715.SZ
CI005008.WI,300737.SZ
CI005008.WI,600172.SH
CI005008.WI,600176.SH
CI005008.WI,600293.SH
CI005008.WI,600318.SH
CI005008.WI,600321.SH
CI005008.WI,600425.SH
CI005008.WI,600449.SH
CI005008.WI,600516.SH
CI005008.WI,600539.SH
CI005008.WI,600552.SH
CI005008.WI,600553.SH
CI005008.WI,600585.SH
CI005008.WI,600586.SH
CI005008.WI,600629.SH
CI005008.WI,600678.SH
CI005008.WI,600720.SH
CI005008.WI,600753.SH
CI005008.WI,600783.SH
CI005008.WI,600801.SH
CI005008.WI,600802.SH
CI005008.WI,600819.SH
CI005008.WI,600876.SH
CI005008.WI,600881.SH
CI005008.WI,600883.SH
CI005008.WI,601636.SH
CI005008.WI,603038.SH
CI005008.WI,603268.SH
CI005008.WI,603385.SH
CI005008.WI,603505.SH
CI005008.WI,603616.SH
CI005008.WI,603725.SH
CI005008.WI,603826.SH
CI005008.WI,603838.SH
CI005009.WI,000488.SZ
CI005009.WI,000576.SZ
CI005009.WI,000659.SZ
CI005009.WI,000815.SZ
CI005009.WI,000833.SZ
CI005009.WI,000910.SZ
CI005009.WI,002012.SZ
CI005009.WI,002014.SZ
CI005009.WI,002067.SZ
CI005009.WI,002078.SZ
CI005009.WI,002084.SZ
CI005009.WI,002103.SZ
CI005009.WI,002117.SZ
CI005009.WI,002191.SZ
CI005009.WI,002228.SZ
CI005009.WI,002229.SZ
CI005009.WI,002235.SZ
CI005009.WI,002243.SZ
CI005009.WI,002301.SZ
CI005009.WI,002303.SZ
CI005009.WI,002348.SZ
CI005009.WI,002374.SZ
CI005009.WI,002489.SZ
CI005009.WI,002511.SZ
CI005009.WI,002521.SZ
CI005009.WI,002565.SZ
CI005009.WI,002571.SZ
CI005009.WI,002572.SZ
CI005009.WI,002575.SZ
CI005009.WI,002605.SZ
CI005009.WI,002678.SZ
CI005009.WI,002701.SZ
CI005009.WI,002735.SZ
CI005009.WI,002751.SZ
CI005009.WI,002752.SZ
CI005009.WI,002799.SZ
CI005009.WI,002803.SZ
CI005009.WI,002812.SZ
CI005009.WI,002825.SZ
CI005009.WI,002831.SZ
CI005009.WI,002836.SZ
CI005009.WI,002846.SZ
CI005009.WI,002853.SZ
CI005009.WI,002859.SZ
CI005009.WI,002862.SZ
CI005009.WI,002899.SZ
CI005009.WI,300043.SZ
CI005009.WI,300057.SZ
CI005009.WI,300061.SZ
CI005009.WI,300089.SZ
CI005009.WI,300329.SZ
CI005009.WI,300403.SZ
CI005009.WI,300501.SZ
CI005009.WI,300606.SZ
CI005009.WI,300616.SZ
CI005009.WI,300640.SZ
CI005009.WI,300651.SZ
CI005009.WI,300658.SZ
CI005009.WI,300703.SZ
CI005009.WI,300729.SZ
CI005009.WI,600069.SH
CI005009.WI,600076.SH
CI005009.WI,600103.SH
CI005009.WI,600210.SH
CI005009.WI,600235.SH
CI005009.WI,600308.SH
CI005009.WI,600337.SH
CI005009.WI,600356.SH
CI005009.WI,600433.SH
CI005009.WI,600567.SH
CI005009.WI,600679.SH
CI005009.WI,600793.SH
CI005009.WI,600800.SH
CI005009.WI,600836.SH
CI005009.WI,600963.SH
CI005009.WI,600966.SH
CI005009.WI,601515.SH
CI005009.WI,601968.SH
CI005009.WI,603008.SH
CI005009.WI,603021.SH
CI005009.WI,603022.SH
CI005009.WI,603058.SH
CI005009.WI,603059.SH
CI005009.WI,603180.SH
CI005009.WI,603208.SH
CI005009.WI,603226.SH
CI005009.WI,603313.SH
CI005009.WI,603326.SH
CI005009.WI,603389.SH
CI005009.WI,603398.SH
CI005009.WI,603429.SH
CI005009.WI,603499.SH
CI005009.WI,603600.SH
CI005009.WI,603607.SH
CI005009.WI,603661.SH
CI005009.WI,603709.SH
CI005009.WI,603801.SH
CI005009.WI,603816.SH
CI005009.WI,603833.SH
CI005009.WI,603848.SH
CI005009.WI,603898.SH
CI005009.WI,603899.SH
CI005009.WI,603976.SH
CI005010.WI,000008.SZ
CI005010.WI,000017.SZ
CI005010.WI,000039.SZ
CI005010.WI,000157.SZ
CI005010.WI,000410.SZ
CI005010.WI,000425.SZ
CI005010.WI,000528.SZ
CI005010.WI,000530.SZ
CI005010.WI,000570.SZ
CI005010.WI,000595.SZ
CI005010.WI,000680.SZ
CI005010.WI,000777.SZ
CI005010.WI,000811.SZ
CI005010.WI,000816.SZ
CI005010.WI,000821.SZ
CI005010.WI,000837.SZ
CI005010.WI,000852.SZ
CI005010.WI,000856.SZ
CI005010.WI,000880.SZ
CI005010.WI,000890.SZ
CI005010.WI,000923.SZ
CI005010.WI,000925.SZ
CI005010.WI,000976.SZ
CI005010.WI,001696.SZ
CI005010.WI,002006.SZ
CI005010.WI,002009.SZ
CI005010.WI,002011.SZ
CI005010.WI,002021.SZ
CI005010.WI,002023.SZ
CI005010.WI,002026.SZ
CI005010.WI,002046.SZ
CI005010.WI,002058.SZ
CI005010.WI,002073.SZ
CI005010.WI,002097.SZ
CI005010.WI,002101.SZ
CI005010.WI,002105.SZ
CI005010.WI,002122.SZ
CI005010.WI,002132.SZ
CI005010.WI,002150.SZ
CI005010.WI,002158.SZ
CI005010.WI,002164.SZ
CI005010.WI,002176.SZ
CI005010.WI,002184.SZ
CI005010.WI,002196.SZ
CI005010.WI,002204.SZ
CI005010.WI,002207.SZ
CI005010.WI,002209.SZ
CI005010.WI,002248.SZ
CI005010.WI,002249.SZ
CI005010.WI,002255.SZ
CI005010.WI,002270.SZ
CI005010.WI,002272.SZ
CI005010.WI,002278.SZ
CI005010.WI,002282.SZ
CI005010.WI,002337.SZ
CI005010.WI,002342.SZ
CI005010.WI,002347.SZ
CI005010.WI,002353.SZ
CI005010.WI,002366.SZ
CI005010.WI,002367.SZ
CI005010.WI,002384.SZ
CI005010.WI,002406.SZ
CI005010.WI,002426.SZ
CI005010.WI,002430.SZ
CI005010.WI,002435.SZ
CI005010.WI,002438.SZ
CI005010.WI,002444.SZ
CI005010.WI,002459.SZ
CI005010.WI,002472.SZ
CI005010.WI,002480.SZ
CI005010.WI,002483.SZ
CI005010.WI,002490.SZ
CI005010.WI,002509.SZ
CI005010.WI,002514.SZ
CI005010.WI,002523.SZ
CI005010.WI,002526.SZ
CI005010.WI,002529.SZ
CI005010.WI,002532.SZ
CI005010.WI,002534.SZ
CI005010.WI,002535.SZ
CI005010.WI,002552.SZ
CI005010.WI,002554.SZ
CI005010.WI,002559.SZ
CI005010.WI,002564.SZ
CI005010.WI,002595.SZ
CI005010.WI,002598.SZ
CI005010.WI,002608.SZ
CI005010.WI,002611.SZ
CI005010.WI,002621.SZ
CI005010.WI,002629.SZ
CI005010.WI,002633.SZ
CI005010.WI,002639.SZ
CI005010.WI,002645.SZ
CI005010.WI,002651.SZ
CI005010.WI,002685.SZ
CI005010.WI,002686.SZ
CI005010.WI,002689.SZ
CI005010.WI,002690.SZ
CI005010.WI,002691.SZ
CI005010.WI,002698.SZ
CI005010.WI,002722.SZ
CI005010.WI,002743.SZ
CI005010.WI,002747.SZ
CI005010.WI,002757.SZ
CI005010.WI,002760.SZ
CI005010.WI,002767.SZ
CI005010.WI,002774.SZ
CI005010.WI,002779.SZ
CI005010.WI,002786.SZ
CI005010.WI,002787.SZ
CI005010.WI,002793.SZ
CI005010.WI,002795.SZ
CI005010.WI,002796.SZ
CI005010.WI,002801.SZ
CI005010.WI,002816.SZ
CI005010.WI,002819.SZ
CI005010.WI,002823.SZ
CI005010.WI,002833.SZ
CI005010.WI,002837.SZ
CI005010.WI,002843.SZ
CI005010.WI,002849.SZ
CI005010.WI,002850.SZ
CI005010.WI,002857.SZ
CI005010.WI,002870.SZ
CI005010.WI,002871.SZ
CI005010.WI,002877.SZ
CI005010.WI,002884.SZ
CI005010.WI,002890.SZ
CI005010.WI,002896.SZ
CI005010.WI,002903.SZ
CI005010.WI,300004.SZ
CI005010.WI,300008.SZ
CI005010.WI,300011.SZ
CI005010.WI,300022.SZ
CI005010.WI,300024.SZ
CI005010.WI,300029.SZ
CI005010.WI,300035.SZ
CI005010.WI,300066.SZ
CI005010.WI,300084.SZ
CI005010.WI,300092.SZ
CI005010.WI,300095.SZ
CI005010.WI,300097.SZ
CI005010.WI,300099.SZ
CI005010.WI,300103.SZ
CI005010.WI,300105.SZ
CI005010.WI,300112.SZ
CI005010.WI,300116.SZ
CI005010.WI,300123.SZ
CI005010.WI,300124.SZ
CI005010.WI,300126.SZ
CI005010.WI,300145.SZ
CI005010.WI,300151.SZ
CI005010.WI,300154.SZ
CI005010.WI,300159.SZ
CI005010.WI,300161.SZ
CI005010.WI,300164.SZ
CI005010.WI,300165.SZ
CI005010.WI,300171.SZ
CI005010.WI,300173.SZ
CI005010.WI,300193.SZ
CI005010.WI,300195.SZ
CI005010.WI,300210.SZ
CI005010.WI,300216.SZ
CI005010.WI,300228.SZ
CI005010.WI,300257.SZ
CI005010.WI,300259.SZ
CI005010.WI,300260.SZ
CI005010.WI,300263.SZ
CI005010.WI,300276.SZ
CI005010.WI,300278.SZ
CI005010.WI,300281.SZ
CI005010.WI,300293.SZ
CI005010.WI,300306.SZ
CI005010.WI,300307.SZ
CI005010.WI,300308.SZ
CI005010.WI,300309.SZ
CI005010.WI,300316.SZ
CI005010.WI,300349.SZ
CI005010.WI,300351.SZ
CI005010.WI,300354.SZ
CI005010.WI,300368.SZ
CI005010.WI,300370.SZ
CI005010.WI,300371.SZ
CI005010.WI,300382.SZ
CI005010.WI,300391.SZ
CI005010.WI,300400.SZ
CI005010.WI,300402.SZ
CI005010.WI,300410.SZ
CI005010.WI,300411.SZ
CI005010.WI,300415.SZ
CI005010.WI,300416.SZ
CI005010.WI,300417.SZ
CI005010.WI,300420.SZ
CI005010.WI,300421.SZ
CI005010.WI,300424.SZ
CI005010.WI,300430.SZ
CI005010.WI,300434.SZ
CI005010.WI,300435.SZ
CI005010.WI,300441.SZ
CI005010.WI,300442.SZ
CI005010.WI,300445.SZ
CI005010.WI,300450.SZ
CI005010.WI,300456.SZ
CI005010.WI,300457.SZ
CI005010.WI,300461.SZ
CI005010.WI,300464.SZ
CI005010.WI,300466.SZ
CI005010.WI,300470.SZ
CI005010.WI,300471.SZ
CI005010.WI,300472.SZ
CI005010.WI,300480.SZ
CI005010.WI,300486.SZ
CI005010.WI,300488.SZ
CI005010.WI,300489.SZ
CI005010.WI,300499.SZ
CI005010.WI,300503.SZ
CI005010.WI,300509.SZ
CI005010.WI,300512.SZ
CI005010.WI,300514.SZ
CI005010.WI,300521.SZ
CI005010.WI,300540.SZ
CI005010.WI,300549.SZ
CI005010.WI,300551.SZ
CI005010.WI,300553.SZ
CI005010.WI,300554.SZ
CI005010.WI,300557.SZ
CI005010.WI,300567.SZ
CI005010.WI,300572.SZ
CI005010.WI,300589.SZ
CI005010.WI,300600.SZ
CI005010.WI,300607.SZ
CI005010.WI,300619.SZ
CI005010.WI,300629.SZ
CI005010.WI,300648.SZ
CI005010.WI,300669.SZ
CI005010.WI,300700.SZ
CI005010.WI,300718.SZ
CI005010.WI,300720.SZ
CI005010.WI,600031.SH
CI005010.WI,600072.SH
CI005010.WI,600114.SH
CI005010.WI,600145.SH
CI005010.WI,600150.SH
CI005010.WI,600165.SH
CI005010.WI,600169.SH
CI005010.WI,600243.SH
CI005010.WI,600262.SH
CI005010.WI,600302.SH
CI005010.WI,600320.SH
CI005010.WI,600458.SH
CI005010.WI,600481.SH
CI005010.WI,600495.SH
CI005010.WI,600520.SH
CI005010.WI,600558.SH
CI005010.WI,600560.SH
CI005010.WI,600582.SH
CI005010.WI,600592.SH
CI005010.WI,600666.SH
CI005010.WI,600710.SH
CI005010.WI,600761.SH
CI005010.WI,600786.SH
CI005010.WI,600806.SH
CI005010.WI,600815.SH
CI005010.WI,600835.SH
CI005010.WI,600843.SH
CI005010.WI,600860.SH
CI005010.WI,600894.SH
CI005010.WI,600967.SH
CI005010.WI,600984.SH
CI005010.WI,600992.SH
CI005010.WI,601002.SH
CI005010.WI,601038.SH
CI005010.WI,601100.SH
CI005010.WI,601106.SH
CI005010.WI,601177.SH
CI005010.WI,601268.SH
CI005010.WI,601299.SH
CI005010.WI,601369.SH
CI005010.WI,601608.SH
CI005010.WI,601717.SH
CI005010.WI,601766.SH
CI005010.WI,601798.SH
CI005010.WI,601882.SH
CI005010.WI,601890.SH
CI005010.WI,603011.SH
CI005010.WI,603012.SH
CI005010.WI,603015.SH
CI005010.WI,603029.SH
CI005010.WI,603036.SH
CI005010.WI,603076.SH
CI005010.WI,603085.SH
CI005010.WI,603088.SH
CI005010.WI,603090.SH
CI005010.WI,603100.SH
CI005010.WI,603111.SH
CI005010.WI,603131.SH
CI005010.WI,603159.SH
CI005010.WI,603169.SH
CI005010.WI,603203.SH
CI005010.WI,603269.SH
CI005010.WI,603277.SH
CI005010.WI,603278.SH
CI005010.WI,603283.SH
CI005010.WI,603289.SH
CI005010.WI,603298.SH
CI005010.WI,603308.SH
CI005010.WI,603315.SH
CI005010.WI,603318.SH
CI005010.WI,603319.SH
CI005010.WI,603321.SH
CI005010.WI,603331.SH
CI005010.WI,603337.SH
CI005010.WI,603338.SH
CI005010.WI,603339.SH
CI005010.WI,603356.SH
CI005010.WI,603416.SH
CI005010.WI,603488.SH
CI005010.WI,603500.SH
CI005010.WI,603507.SH
CI005010.WI,603556.SH
CI005010.WI,603617.SH
CI005010.WI,603626.SH
CI005010.WI,603638.SH
CI005010.WI,603656.SH
CI005010.WI,603667.SH
CI005010.WI,603690.SH
CI005010.WI,603698.SH
CI005010.WI,603699.SH
CI005010.WI,603726.SH
CI005010.WI,603757.SH
CI005010.WI,603789.SH
CI005010.WI,603819.SH
CI005010.WI,603855.SH
CI005010.WI,603856.SH
CI005010.WI,603901.SH
CI005010.WI,603912.SH
CI005010.WI,603960.SH
CI005010.WI,603966.SH
CI005010.WI,603985.SH
CI005011.WI,000400.SZ
CI005011.WI,000551.SZ
CI005011.WI,000585.SZ
CI005011.WI,000682.SZ
CI005011.WI,000806.SZ
CI005011.WI,000862.SZ
CI005011.WI,000922.SZ
CI005011.WI,002028.SZ
CI005011.WI,002074.SZ
CI005011.WI,002112.SZ
CI005011.WI,002121.SZ
CI005011.WI,002123.SZ
CI005011.WI,002129.SZ
CI005011.WI,002168.SZ
CI005011.WI,002169.SZ
CI005011.WI,002202.SZ
CI005011.WI,002212.SZ
CI005011.WI,002218.SZ
CI005011.WI,002227.SZ
CI005011.WI,002266.SZ
CI005011.WI,002276.SZ
CI005011.WI,002298.SZ
CI005011.WI,002300.SZ
CI005011.WI,002322.SZ
CI005011.WI,002323.SZ
CI005011.WI,002334.SZ
CI005011.WI,002339.SZ
CI005011.WI,002350.SZ
CI005011.WI,002356.SZ
CI005011.WI,002358.SZ
CI005011.WI,002364.SZ
CI005011.WI,002441.SZ
CI005011.WI,002451.SZ
CI005011.WI,002452.SZ
CI005011.WI,002471.SZ
CI005011.WI,002487.SZ
CI005011.WI,002498.SZ
CI005011.WI,002506.SZ
CI005011.WI,002531.SZ
CI005011.WI,002533.SZ
CI005011.WI,002560.SZ
CI005011.WI,002576.SZ
CI005011.WI,002580.SZ
CI005011.WI,002606.SZ
CI005011.WI,002610.SZ
CI005011.WI,002617.SZ
CI005011.WI,002622.SZ
CI005011.WI,002665.SZ
CI005011.WI,002692.SZ
CI005011.WI,002706.SZ
CI005011.WI,002729.SZ
CI005011.WI,002730.SZ
CI005011.WI,002851.SZ
CI005011.WI,002879.SZ
CI005011.WI,002882.SZ
CI005011.WI,002885.SZ
CI005011.WI,002892.SZ
CI005011.WI,002927.SZ
CI005011.WI,300001.SZ
CI005011.WI,300018.SZ
CI005011.WI,300040.SZ
CI005011.WI,300048.SZ
CI005011.WI,300062.SZ
CI005011.WI,300068.SZ
CI005011.WI,300069.SZ
CI005011.WI,300080.SZ
CI005011.WI,300091.SZ
CI005011.WI,300111.SZ
CI005011.WI,300118.SZ
CI005011.WI,300120.SZ
CI005011.WI,300125.SZ
CI005011.WI,300129.SZ
CI005011.WI,300140.SZ
CI005011.WI,300141.SZ
CI005011.WI,300152.SZ
CI005011.WI,300153.SZ
CI005011.WI,300185.SZ
CI005011.WI,300208.SZ
CI005011.WI,300215.SZ
CI005011.WI,300222.SZ
CI005011.WI,300265.SZ
CI005011.WI,300274.SZ
CI005011.WI,300283.SZ
CI005011.WI,300286.SZ
CI005011.WI,300341.SZ
CI005011.WI,300372.SZ
CI005011.WI,300376.SZ
CI005011.WI,300393.SZ
CI005011.WI,300407.SZ
CI005011.WI,300423.SZ
CI005011.WI,300427.SZ
CI005011.WI,300443.SZ
CI005011.WI,300444.SZ
CI005011.WI,300477.SZ
CI005011.WI,300484.SZ
CI005011.WI,300490.SZ
CI005011.WI,300510.SZ
CI005011.WI,300617.SZ
CI005011.WI,300626.SZ
CI005011.WI,300670.SZ
CI005011.WI,300693.SZ
CI005011.WI,300713.SZ
CI005011.WI,600089.SH
CI005011.WI,600112.SH
CI005011.WI,600151.SH
CI005011.WI,600163.SH
CI005011.WI,600192.SH
CI005011.WI,600202.SH
CI005011.WI,600268.SH
CI005011.WI,600290.SH
CI005011.WI,600312.SH
CI005011.WI,600379.SH
CI005011.WI,600406.SH
CI005011.WI,600416.SH
CI005011.WI,600468.SH
CI005011.WI,600475.SH
CI005011.WI,600517.SH
CI005011.WI,600537.SH
CI005011.WI,600550.SH
CI005011.WI,600577.SH
CI005011.WI,600580.SH
CI005011.WI,600627.SH
CI005011.WI,600847.SH
CI005011.WI,600869.SH
CI005011.WI,600875.SH
CI005011.WI,600885.SH
CI005011.WI,600973.SH
CI005011.WI,601012.SH
CI005011.WI,601126.SH
CI005011.WI,601179.SH
CI005011.WI,601218.SH
CI005011.WI,601222.SH
CI005011.WI,601558.SH
CI005011.WI,601567.SH
CI005011.WI,601616.SH
CI005011.WI,601700.SH
CI005011.WI,601727.SH
CI005011.WI,601877.SH
CI005011.WI,601908.SH
CI005011.WI,603016.SH
CI005011.WI,603050.SH
CI005011.WI,603063.SH
CI005011.WI,603218.SH
CI005011.WI,603320.SH
CI005011.WI,603333.SH
CI005011.WI,603396.SH
CI005011.WI,603577.SH
CI005011.WI,603606.SH
CI005011.WI,603618.SH
CI005011.WI,603628.SH
CI005011.WI,603728.SH
CI005011.WI,603806.SH
CI005011.WI,603829.SH
CI005011.WI,603861.SH
CI005011.WI,603988.SH
CI005012.WI,000519.SZ
CI005012.WI,000547.SZ
CI005012.WI,000561.SZ
CI005012.WI,000738.SZ
CI005012.WI,000768.SZ
CI005012.WI,000901.SZ
CI005012.WI,002013.SZ
CI005012.WI,002025.SZ
CI005012.WI,002111.SZ
CI005012.WI,002151.SZ
CI005012.WI,002179.SZ
CI005012.WI,002190.SZ
CI005012.WI,002214.SZ
CI005012.WI,002338.SZ
CI005012.WI,002414.SZ
CI005012.WI,002465.SZ
CI005012.WI,002519.SZ
CI005012.WI,002520.SZ
CI005012.WI,300034.SZ
CI005012.WI,300045.SZ
CI005012.WI,300065.SZ
CI005012.WI,300101.SZ
CI005012.WI,300114.SZ
CI005012.WI,300252.SZ
CI005012.WI,300397.SZ
CI005012.WI,300447.SZ
CI005012.WI,300474.SZ
CI005012.WI,300527.SZ
CI005012.WI,300581.SZ
CI005012.WI,300696.SZ
CI005012.WI,300719.SZ
CI005012.WI,300722.SZ
CI005012.WI,600038.SH
CI005012.WI,600118.SH
CI005012.WI,600184.SH
CI005012.WI,600316.SH
CI005012.WI,600343.SH
CI005012.WI,600372.SH
CI005012.WI,600391.SH
CI005012.WI,600399.SH
CI005012.WI,600435.SH
CI005012.WI,600501.SH
CI005012.WI,600562.SH
CI005012.WI,600677.SH
CI005012.WI,600685.SH
CI005012.WI,600760.SH
CI005012.WI,600765.SH
CI005012.WI,600855.SH
CI005012.WI,600862.SH
CI005012.WI,600879.SH
CI005012.WI,600893.SH
CI005012.WI,600990.SH
CI005012.WI,601989.SH
CI005013.WI,000025.SZ
CI005013.WI,000030.SZ
CI005013.WI,000338.SZ
CI005013.WI,000549.SZ
CI005013.WI,000550.SZ
CI005013.WI,000559.SZ
CI005013.WI,000572.SZ
CI005013.WI,000581.SZ
CI005013.WI,000589.SZ
CI005013.WI,000599.SZ
CI005013.WI,000622.SZ
CI005013.WI,000625.SZ
CI005013.WI,000678.SZ
CI005013.WI,000700.SZ
CI005013.WI,000710.SZ
CI005013.WI,000753.SZ
CI005013.WI,000757.SZ
CI005013.WI,000760.SZ
CI005013.WI,000800.SZ
CI005013.WI,000868.SZ
CI005013.WI,000887.SZ
CI005013.WI,000903.SZ
CI005013.WI,000913.SZ
CI005013.WI,000927.SZ
CI005013.WI,000951.SZ
CI005013.WI,000957.SZ
CI005013.WI,000980.SZ
CI005013.WI,000996.SZ
CI005013.WI,002031.SZ
CI005013.WI,002048.SZ
CI005013.WI,002085.SZ
CI005013.WI,002126.SZ
CI005013.WI,002213.SZ
CI005013.WI,002239.SZ
CI005013.WI,002265.SZ
CI005013.WI,002283.SZ
CI005013.WI,002284.SZ
CI005013.WI,002328.SZ
CI005013.WI,002355.SZ
CI005013.WI,002363.SZ
CI005013.WI,002434.SZ
CI005013.WI,002448.SZ
CI005013.WI,002454.SZ
CI005013.WI,002488.SZ
CI005013.WI,002510.SZ
CI005013.WI,002516.SZ
CI005013.WI,002536.SZ
CI005013.WI,002537.SZ
CI005013.WI,002553.SZ
CI005013.WI,002590.SZ
CI005013.WI,002592.SZ
CI005013.WI,002593.SZ
CI005013.WI,002594.SZ
CI005013.WI,002607.SZ
CI005013.WI,002625.SZ
CI005013.WI,002662.SZ
CI005013.WI,002664.SZ
CI005013.WI,002682.SZ
CI005013.WI,002684.SZ
CI005013.WI,002703.SZ
CI005013.WI,002708.SZ
CI005013.WI,002715.SZ
CI005013.WI,002725.SZ
CI005013.WI,002765.SZ
CI005013.WI,002863.SZ
CI005013.WI,002865.SZ
CI005013.WI,002920.SZ
CI005013.WI,002921.SZ
CI005013.WI,300100.SZ
CI005013.WI,300176.SZ
CI005013.WI,300201.SZ
CI005013.WI,300237.SZ
CI005013.WI,300258.SZ
CI005013.WI,300304.SZ
CI005013.WI,300375.SZ
CI005013.WI,300432.SZ
CI005013.WI,300473.SZ
CI005013.WI,300507.SZ
CI005013.WI,300580.SZ
CI005013.WI,300585.SZ
CI005013.WI,300611.SZ
CI005013.WI,300643.SZ
CI005013.WI,300644.SZ
CI005013.WI,300652.SZ
CI005013.WI,300680.SZ
CI005013.WI,300681.SZ
CI005013.WI,300695.SZ
CI005013.WI,300707.SZ
CI005013.WI,300733.SZ
CI005013.WI,600006.SH
CI005013.WI,600066.SH
CI005013.WI,600081.SH
CI005013.WI,600093.SH
CI005013.WI,600099.SH
CI005013.WI,600104.SH
CI005013.WI,600148.SH
CI005013.WI,600166.SH
CI005013.WI,600178.SH
CI005013.WI,600182.SH
CI005013.WI,600213.SH
CI005013.WI,600218.SH
CI005013.WI,600297.SH
CI005013.WI,600303.SH
CI005013.WI,600327.SH
CI005013.WI,600335.SH
CI005013.WI,600375.SH
CI005013.WI,600418.SH
CI005013.WI,600469.SH
CI005013.WI,600480.SH
CI005013.WI,600523.SH
CI005013.WI,600579.SH
CI005013.WI,600609.SH
CI005013.WI,600623.SH
CI005013.WI,600653.SH
CI005013.WI,600656.SH
CI005013.WI,600660.SH
CI005013.WI,600676.SH
CI005013.WI,600686.SH
CI005013.WI,600698.SH
CI005013.WI,600699.SH
CI005013.WI,600741.SH
CI005013.WI,600742.SH
CI005013.WI,600818.SH
CI005013.WI,600841.SH
CI005013.WI,600877.SH
CI005013.WI,600933.SH
CI005013.WI,600960.SH
CI005013.WI,600991.SH
CI005013.WI,601058.SH
CI005013.WI,601127.SH
CI005013.WI,601238.SH
CI005013.WI,601258.SH
CI005013.WI,601311.SH
CI005013.WI,601633.SH
CI005013.WI,601689.SH
CI005013.WI,601777.SH
CI005013.WI,601799.SH
CI005013.WI,601965.SH
CI005013.WI,603006.SH
CI005013.WI,603009.SH
CI005013.WI,603023.SH
CI005013.WI,603035.SH
CI005013.WI,603037.SH
CI005013.WI,603040.SH
CI005013.WI,603089.SH
CI005013.WI,603129.SH
CI005013.WI,603158.SH
CI005013.WI,603161.SH
CI005013.WI,603166.SH
CI005013.WI,603178.SH
CI005013.WI,603179.SH
CI005013.WI,603197.SH
CI005013.WI,603239.SH
CI005013.WI,603286.SH
CI005013.WI,603305.SH
CI005013.WI,603306.SH
CI005013.WI,603335.SH
CI005013.WI,603358.SH
CI005013.WI,603377.SH
CI005013.WI,603569.SH
CI005013.WI,603586.SH
CI005013.WI,603611.SH
CI005013.WI,603655.SH
CI005013.WI,603680.SH
CI005013.WI,603701.SH
CI005013.WI,603730.SH
CI005013.WI,603758.SH
CI005013.WI,603766.SH
CI005013.WI,603767.SH
CI005013.WI,603768.SH
CI005013.WI,603776.SH
CI005013.WI,603787.SH
CI005013.WI,603788.SH
CI005013.WI,603809.SH
CI005013.WI,603895.SH
CI005013.WI,603917.SH
CI005013.WI,603922.SH
CI005013.WI,603926.SH
CI005013.WI,603997.SH
CI005014.WI,000026.SZ
CI005014.WI,000151.SZ
CI005014.WI,000417.SZ
CI005014.WI,000419.SZ
CI005014.WI,000501.SZ
CI005014.WI,000516.SZ
CI005014.WI,000560.SZ
CI005014.WI,000564.SZ
CI005014.WI,000587.SZ
CI005014.WI,000626.SZ
CI005014.WI,000632.SZ
CI005014.WI,000679.SZ
CI005014.WI,000715.SZ
CI005014.WI,000759.SZ
CI005014.WI,000785.SZ
CI005014.WI,000861.SZ
CI005014.WI,000882.SZ
CI005014.WI,002024.SZ
CI005014.WI,002091.SZ
CI005014.WI,002094.SZ
CI005014.WI,002127.SZ
CI005014.WI,002187.SZ
CI005014.WI,002251.SZ
CI005014.WI,002264.SZ
CI005014.WI,002277.SZ
CI005014.WI,002336.SZ
CI005014.WI,002344.SZ
CI005014.WI,002345.SZ
CI005014.WI,002419.SZ
CI005014.WI,002561.SZ
CI005014.WI,002574.SZ
CI005014.WI,002640.SZ
CI005014.WI,002697.SZ
CI005014.WI,002721.SZ
CI005014.WI,002731.SZ
CI005014.WI,002818.SZ
CI005014.WI,300413.SZ
CI005014.WI,600086.SH
CI005014.WI,600120.SH
CI005014.WI,600122.SH
CI005014.WI,600241.SH
CI005014.WI,600247.SH
CI005014.WI,600250.SH
CI005014.WI,600278.SH
CI005014.WI,600280.SH
CI005014.WI,600287.SH
CI005014.WI,600306.SH
CI005014.WI,600315.SH
CI005014.WI,600361.SH
CI005014.WI,600415.SH
CI005014.WI,600605.SH
CI005014.WI,600612.SH
CI005014.WI,600628.SH
CI005014.WI,600631.SH
CI005014.WI,600648.SH
CI005014.WI,600655.SH
CI005014.WI,600682.SH
CI005014.WI,600693.SH
CI005014.WI,600694.SH
CI005014.WI,600697.SH
CI005014.WI,600712.SH
CI005014.WI,600723.SH
CI005014.WI,600729.SH
CI005014.WI,600735.SH
CI005014.WI,600738.SH
CI005014.WI,600755.SH
CI005014.WI,600774.SH
CI005014.WI,600778.SH
CI005014.WI,600785.SH
CI005014.WI,600790.SH
CI005014.WI,600811.SH
CI005014.WI,600814.SH
CI005014.WI,600821.SH
CI005014.WI,600822.SH
CI005014.WI,600824.SH
CI005014.WI,600826.SH
CI005014.WI,600827.SH
CI005014.WI,600828.SH
CI005014.WI,600830.SH
CI005014.WI,600838.SH
CI005014.WI,600857.SH
CI005014.WI,600858.SH
CI005014.WI,600859.SH
CI005014.WI,600861.SH
CI005014.WI,600865.SH
CI005014.WI,600891.SH
CI005014.WI,600898.SH
CI005014.WI,600981.SH
CI005014.WI,601010.SH
CI005014.WI,601086.SH
CI005014.WI,601116.SH
CI005014.WI,601366.SH
CI005014.WI,601828.SH
CI005014.WI,601933.SH
CI005014.WI,603031.SH
CI005014.WI,603101.SH
CI005014.WI,603123.SH
CI005014.WI,603708.SH
CI005014.WI,603900.SH
CI005015.WI,000033.SZ
CI005015.WI,000428.SZ
CI005015.WI,000430.SZ
CI005015.WI,000524.SZ
CI005015.WI,000610.SZ
CI005015.WI,000613.SZ
CI005015.WI,000721.SZ
CI005015.WI,000796.SZ
CI005015.WI,000888.SZ
CI005015.WI,000978.SZ
CI005015.WI,002033.SZ
CI005015.WI,002059.SZ
CI005015.WI,002159.SZ
CI005015.WI,002186.SZ
CI005015.WI,002707.SZ
CI005015.WI,300144.SZ
CI005015.WI,300178.SZ
CI005015.WI,600054.SH
CI005015.WI,600138.SH
CI005015.WI,600258.SH
CI005015.WI,600358.SH
CI005015.WI,600593.SH
CI005015.WI,600640.SH
CI005015.WI,600706.SH
CI005015.WI,600749.SH
CI005015.WI,600754.SH
CI005015.WI,601007.SH
CI005015.WI,601888.SH
CI005015.WI,603043.SH
CI005015.WI,603099.SH
CI005015.WI,603136.SH
CI005015.WI,603199.SH
CI005015.WI,603869.SH
CI005016.WI,000016.SZ
CI005016.WI,000100.SZ
CI005016.WI,000333.SZ
CI005016.WI,000404.SZ
CI005016.WI,000418.SZ
CI005016.WI,000521.SZ
CI005016.WI,000527.SZ
CI005016.WI,000533.SZ
CI005016.WI,000541.SZ
CI005016.WI,000651.SZ
CI005016.WI,000801.SZ
CI005016.WI,000810.SZ
CI005016.WI,000921.SZ
CI005016.WI,002032.SZ
CI005016.WI,002035.SZ
CI005016.WI,002050.SZ
CI005016.WI,002076.SZ
CI005016.WI,002242.SZ
CI005016.WI,002260.SZ
CI005016.WI,002290.SZ
CI005016.WI,002403.SZ
CI005016.WI,002413.SZ
CI005016.WI,002418.SZ
CI005016.WI,002420.SZ
CI005016.WI,002429.SZ
CI005016.WI,002473.SZ
CI005016.WI,002508.SZ
CI005016.WI,002543.SZ
CI005016.WI,002614.SZ
CI005016.WI,002615.SZ
CI005016.WI,002668.SZ
CI005016.WI,002670.SZ
CI005016.WI,002676.SZ
CI005016.WI,002677.SZ
CI005016.WI,002705.SZ
CI005016.WI,002723.SZ
CI005016.WI,002759.SZ
CI005016.WI,002790.SZ
CI005016.WI,002860.SZ
CI005016.WI,300217.SZ
CI005016.WI,300247.SZ
CI005016.WI,300249.SZ
CI005016.WI,300272.SZ
CI005016.WI,300279.SZ
CI005016.WI,300317.SZ
CI005016.WI,300342.SZ
CI005016.WI,300475.SZ
CI005016.WI,300582.SZ
CI005016.WI,300625.SZ
CI005016.WI,300632.SZ
CI005016.WI,300650.SZ
CI005016.WI,600060.SH
CI005016.WI,600261.SH
CI005016.WI,600336.SH
CI005016.WI,600482.SH
CI005016.WI,600619.SH
CI005016.WI,600651.SH
CI005016.WI,600690.SH
CI005016.WI,600839.SH
CI005016.WI,600854.SH
CI005016.WI,600870.SH
CI005016.WI,600983.SH
CI005016.WI,603303.SH
CI005016.WI,603311.SH
CI005016.WI,603355.SH
CI005016.WI,603366.SH
CI005016.WI,603515.SH
CI005016.WI,603578.SH
CI005016.WI,603677.SH
CI005016.WI,603679.SH
CI005016.WI,603685.SH
CI005016.WI,603868.SH
CI005017.WI,000611.SZ
CI005017.WI,000726.SZ
CI005017.WI,000779.SZ
CI005017.WI,000850.SZ
CI005017.WI,000955.SZ
CI005017.WI,000982.SZ
CI005017.WI,002003.SZ
CI005017.WI,002029.SZ
CI005017.WI,002042.SZ
CI005017.WI,002072.SZ
CI005017.WI,002083.SZ
CI005017.WI,002087.SZ
CI005017.WI,002098.SZ
CI005017.WI,002144.SZ
CI005017.WI,002154.SZ
CI005017.WI,002193.SZ
CI005017.WI,002269.SZ
CI005017.WI,002291.SZ
CI005017.WI,002293.SZ
CI005017.WI,002327.SZ
CI005017.WI,002394.SZ
CI005017.WI,002397.SZ
CI005017.WI,002404.SZ
CI005017.WI,002485.SZ
CI005017.WI,002486.SZ
CI005017.WI,002494.SZ
CI005017.WI,002503.SZ
CI005017.WI,002563.SZ
CI005017.WI,002569.SZ
CI005017.WI,002612.SZ
CI005017.WI,002634.SZ
CI005017.WI,002656.SZ
CI005017.WI,002674.SZ
CI005017.WI,002687.SZ
CI005017.WI,002699.SZ
CI005017.WI,002740.SZ
CI005017.WI,002761.SZ
CI005017.WI,002762.SZ
CI005017.WI,002763.SZ
CI005017.WI,002776.SZ
CI005017.WI,002780.SZ
CI005017.WI,002832.SZ
CI005017.WI,002867.SZ
CI005017.WI,002875.SZ
CI005017.WI,300005.SZ
CI005017.WI,300526.SZ
CI005017.WI,300577.SZ
CI005017.WI,300591.SZ
CI005017.WI,600107.SH
CI005017.WI,600137.SH
CI005017.WI,600146.SH
CI005017.WI,600152.SH
CI005017.WI,600156.SH
CI005017.WI,600220.SH
CI005017.WI,600232.SH
CI005017.WI,600370.SH
CI005017.WI,600398.SH
CI005017.WI,600400.SH
CI005017.WI,600439.SH
CI005017.WI,600448.SH
CI005017.WI,600493.SH
CI005017.WI,600527.SH
CI005017.WI,600626.SH
CI005017.WI,600630.SH
CI005017.WI,600689.SH
CI005017.WI,600987.SH
CI005017.WI,601339.SH
CI005017.WI,601566.SH
CI005017.WI,601718.SH
CI005017.WI,603001.SH
CI005017.WI,603055.SH
CI005017.WI,603116.SH
CI005017.WI,603157.SH
CI005017.WI,603196.SH
CI005017.WI,603238.SH
CI005017.WI,603365.SH
CI005017.WI,603477.SH
CI005017.WI,603518.SH
CI005017.WI,603555.SH
CI005017.WI,603557.SH
CI005017.WI,603558.SH
CI005017.WI,603608.SH
CI005017.WI,603665.SH
CI005017.WI,603808.SH
CI005017.WI,603839.SH
CI005017.WI,603877.SH
CI005017.WI,603889.SH
CI005017.WI,603908.SH
CI005017.WI,603958.SH
CI005018.WI,000004.SZ
CI005018.WI,000028.SZ
CI005018.WI,000078.SZ
CI005018.WI,000150.SZ
CI005018.WI,000153.SZ
CI005018.WI,000403.SZ
CI005018.WI,000411.SZ
CI005018.WI,000423.SZ
CI005018.WI,000503.SZ
CI005018.WI,000513.SZ
CI005018.WI,000518.SZ
CI005018.WI,000522.SZ
CI005018.WI,000538.SZ
CI005018.WI,000566.SZ
CI005018.WI,000590.SZ
CI005018.WI,000597.SZ
CI005018.WI,000650.SZ
CI005018.WI,000661.SZ
CI005018.WI,000705.SZ
CI005018.WI,000739.SZ
CI005018.WI,000756.SZ
CI005018.WI,000766.SZ
CI005018.WI,000788.SZ
CI005018.WI,000790.SZ
CI005018.WI,000813.SZ
CI005018.WI,000908.SZ
CI005018.WI,000915.SZ
CI005018.WI,000919.SZ
CI005018.WI,000952.SZ
CI005018.WI,000963.SZ
CI005018.WI,000989.SZ
CI005018.WI,000999.SZ
CI005018.WI,002001.SZ
CI005018.WI,002007.SZ
CI005018.WI,002019.SZ
CI005018.WI,002020.SZ
CI005018.WI,002022.SZ
CI005018.WI,002030.SZ
CI005018.WI,002038.SZ
CI005018.WI,002044.SZ
CI005018.WI,002099.SZ
CI005018.WI,002107.SZ
CI005018.WI,002118.SZ
CI005018.WI,002166.SZ
CI005018.WI,002173.SZ
CI005018.WI,002198.SZ
CI005018.WI,002219.SZ
CI005018.WI,002223.SZ
CI005018.WI,002252.SZ
CI005018.WI,002262.SZ
CI005018.WI,002275.SZ
CI005018.WI,002287.SZ
CI005018.WI,002294.SZ
CI005018.WI,002317.SZ
CI005018.WI,002332.SZ
CI005018.WI,002349.SZ
CI005018.WI,002365.SZ
CI005018.WI,002370.SZ
CI005018.WI,002390.SZ
CI005018.WI,002393.SZ
CI005018.WI,002399.SZ
CI005018.WI,002412.SZ
CI005018.WI,002422.SZ
CI005018.WI,002424.SZ
CI005018.WI,002432.SZ
CI005018.WI,002433.SZ
CI005018.WI,002437.SZ
CI005018.WI,002462.SZ
CI005018.WI,002550.SZ
CI005018.WI,002551.SZ
CI005018.WI,002566.SZ
CI005018.WI,002589.SZ
CI005018.WI,002603.SZ
CI005018.WI,002644.SZ
CI005018.WI,002653.SZ
CI005018.WI,002675.SZ
CI005018.WI,002680.SZ
CI005018.WI,002688.SZ
CI005018.WI,002693.SZ
CI005018.WI,002727.SZ
CI005018.WI,002728.SZ
CI005018.WI,002737.SZ
CI005018.WI,002741.SZ
CI005018.WI,002750.SZ
CI005018.WI,002758.SZ
CI005018.WI,002773.SZ
CI005018.WI,002788.SZ
CI005018.WI,002817.SZ
CI005018.WI,002821.SZ
CI005018.WI,002826.SZ
CI005018.WI,002864.SZ
CI005018.WI,002872.SZ
CI005018.WI,002873.SZ
CI005018.WI,002880.SZ
CI005018.WI,002898.SZ
CI005018.WI,002900.SZ
CI005018.WI,002901.SZ
CI005018.WI,002907.SZ
CI005018.WI,002923.SZ
CI005018.WI,300003.SZ
CI005018.WI,300006.SZ
CI005018.WI,300009.SZ
CI005018.WI,300015.SZ
CI005018.WI,300016.SZ
CI005018.WI,300026.SZ
CI005018.WI,300030.SZ
CI005018.WI,300039.SZ
CI005018.WI,300049.SZ
CI005018.WI,300086.SZ
CI005018.WI,300109.SZ
CI005018.WI,300110.SZ
CI005018.WI,300122.SZ
CI005018.WI,300142.SZ
CI005018.WI,300147.SZ
CI005018.WI,300158.SZ
CI005018.WI,300181.SZ
CI005018.WI,300194.SZ
CI005018.WI,300199.SZ
CI005018.WI,300204.SZ
CI005018.WI,300206.SZ
CI005018.WI,300233.SZ
CI005018.WI,300238.SZ
CI005018.WI,300239.SZ
CI005018.WI,300244.SZ
CI005018.WI,300246.SZ
CI005018.WI,300254.SZ
CI005018.WI,300255.SZ
CI005018.WI,300267.SZ
CI005018.WI,300273.SZ
CI005018.WI,300289.SZ
CI005018.WI,300294.SZ
CI005018.WI,300298.SZ
CI005018.WI,300314.SZ
CI005018.WI,300318.SZ
CI005018.WI,300326.SZ
CI005018.WI,300347.SZ
CI005018.WI,300357.SZ
CI005018.WI,300358.SZ
CI005018.WI,300363.SZ
CI005018.WI,300396.SZ
CI005018.WI,300401.SZ
CI005018.WI,300404.SZ
CI005018.WI,300406.SZ
CI005018.WI,300412.SZ
CI005018.WI,300436.SZ
CI005018.WI,300439.SZ
CI005018.WI,300452.SZ
CI005018.WI,300453.SZ
CI005018.WI,300463.SZ
CI005018.WI,300482.SZ
CI005018.WI,300485.SZ
CI005018.WI,300497.SZ
CI005018.WI,300519.SZ
CI005018.WI,300529.SZ
CI005018.WI,300534.SZ
CI005018.WI,300558.SZ
CI005018.WI,300562.SZ
CI005018.WI,300573.SZ
CI005018.WI,300583.SZ
CI005018.WI,300584.SZ
CI005018.WI,300595.SZ
CI005018.WI,300601.SZ
CI005018.WI,300622.SZ
CI005018.WI,300630.SZ
CI005018.WI,300633.SZ
CI005018.WI,300636.SZ
CI005018.WI,300637.SZ
CI005018.WI,300639.SZ
CI005018.WI,300642.SZ
CI005018.WI,300653.SZ
CI005018.WI,300676.SZ
CI005018.WI,300677.SZ
CI005018.WI,300683.SZ
CI005018.WI,300685.SZ
CI005018.WI,300702.SZ
CI005018.WI,300705.SZ
CI005018.WI,300723.SZ
CI005018.WI,300725.SZ
CI005018.WI,600055.SH
CI005018.WI,600056.SH
CI005018.WI,600062.SH
CI005018.WI,600079.SH
CI005018.WI,600080.SH
CI005018.WI,600085.SH
CI005018.WI,600090.SH
CI005018.WI,600129.SH
CI005018.WI,600161.SH
CI005018.WI,600196.SH
CI005018.WI,600211.SH
CI005018.WI,600216.SH
CI005018.WI,600222.SH
CI005018.WI,600252.SH
CI005018.WI,600253.SH
CI005018.WI,600267.SH
CI005018.WI,600272.SH
CI005018.WI,600276.SH
CI005018.WI,600285.SH
CI005018.WI,600329.SH
CI005018.WI,600332.SH
CI005018.WI,600351.SH
CI005018.WI,600380.SH
CI005018.WI,600420.SH
CI005018.WI,600422.SH
CI005018.WI,600436.SH
CI005018.WI,600479.SH
CI005018.WI,600488.SH
CI005018.WI,600511.SH
CI005018.WI,600513.SH
CI005018.WI,600518.SH
CI005018.WI,600521.SH
CI005018.WI,600529.SH
CI005018.WI,600530.SH
CI005018.WI,600535.SH
CI005018.WI,600557.SH
CI005018.WI,600566.SH
CI005018.WI,600572.SH
CI005018.WI,600587.SH
CI005018.WI,600594.SH
CI005018.WI,600607.SH
CI005018.WI,600613.SH
CI005018.WI,600645.SH
CI005018.WI,600664.SH
CI005018.WI,600671.SH
CI005018.WI,600713.SH
CI005018.WI,600721.SH
CI005018.WI,600750.SH
CI005018.WI,600763.SH
CI005018.WI,600767.SH
CI005018.WI,600771.SH
CI005018.WI,600781.SH
CI005018.WI,600789.SH
CI005018.WI,600812.SH
CI005018.WI,600829.SH
CI005018.WI,600833.SH
CI005018.WI,600842.SH
CI005018.WI,600851.SH
CI005018.WI,600867.SH
CI005018.WI,600976.SH
CI005018.WI,600993.SH
CI005018.WI,600998.SH
CI005018.WI,601607.SH
CI005018.WI,603079.SH
CI005018.WI,603108.SH
CI005018.WI,603127.SH
CI005018.WI,603139.SH
CI005018.WI,603168.SH
CI005018.WI,603222.SH
CI005018.WI,603229.SH
CI005018.WI,603233.SH
CI005018.WI,603309.SH
CI005018.WI,603367.SH
CI005018.WI,603368.SH
CI005018.WI,603387.SH
CI005018.WI,603456.SH
CI005018.WI,603520.SH
CI005018.WI,603538.SH
CI005018.WI,603567.SH
CI005018.WI,603579.SH
CI005018.WI,603658.SH
CI005018.WI,603669.SH
CI005018.WI,603676.SH
CI005018.WI,603707.SH
CI005018.WI,603716.SH
CI005018.WI,603718.SH
CI005018.WI,603811.SH
CI005018.WI,603858.SH
CI005018.WI,603880.SH
CI005018.WI,603882.SH
CI005018.WI,603883.SH
CI005018.WI,603896.SH
CI005018.WI,603939.SH
CI005018.WI,603963.SH
CI005018.WI,603987.SH
CI005018.WI,603998.SH
CI005019.WI,000019.SZ
CI005019.WI,000529.SZ
CI005019.WI,000568.SZ
CI005019.WI,000596.SZ
CI005019.WI,000639.SZ
CI005019.WI,000716.SZ
CI005019.WI,000729.SZ
CI005019.WI,000752.SZ
CI005019.WI,000799.SZ
CI005019.WI,000848.SZ
CI005019.WI,000858.SZ
CI005019.WI,000860.SZ
CI005019.WI,000869.SZ
CI005019.WI,000895.SZ
CI005019.WI,000929.SZ
CI005019.WI,000995.SZ
CI005019.WI,002216.SZ
CI005019.WI,002304.SZ
CI005019.WI,002329.SZ
CI005019.WI,002330.SZ
CI005019.WI,002387.SZ
CI005019.WI,002461.SZ
CI005019.WI,002481.SZ
CI005019.WI,002495.SZ
CI005019.WI,002507.SZ
CI005019.WI,002515.SZ
CI005019.WI,002557.SZ
CI005019.WI,002568.SZ
CI005019.WI,002570.SZ
CI005019.WI,002582.SZ
CI005019.WI,002626.SZ
CI005019.WI,002646.SZ
CI005019.WI,002650.SZ
CI005019.WI,002661.SZ
CI005019.WI,002695.SZ
CI005019.WI,002696.SZ
CI005019.WI,002702.SZ
CI005019.WI,002719.SZ
CI005019.WI,002726.SZ
CI005019.WI,002732.SZ
CI005019.WI,002770.SZ
CI005019.WI,002820.SZ
CI005019.WI,002840.SZ
CI005019.WI,002847.SZ
CI005019.WI,002891.SZ
CI005019.WI,002910.SZ
CI005019.WI,300138.SZ
CI005019.WI,300143.SZ
CI005019.WI,300146.SZ
CI005019.WI,300741.SZ
CI005019.WI,600059.SH
CI005019.WI,600073.SH
CI005019.WI,600084.SH
CI005019.WI,600132.SH
CI005019.WI,600186.SH
CI005019.WI,600197.SH
CI005019.WI,600199.SH
CI005019.WI,600238.SH
CI005019.WI,600298.SH
CI005019.WI,600300.SH
CI005019.WI,600305.SH
CI005019.WI,600365.SH
CI005019.WI,600419.SH
CI005019.WI,600429.SH
CI005019.WI,600519.SH
CI005019.WI,600543.SH
CI005019.WI,600559.SH
CI005019.WI,600573.SH
CI005019.WI,600597.SH
CI005019.WI,600600.SH
CI005019.WI,600616.SH
CI005019.WI,600702.SH
CI005019.WI,600779.SH
CI005019.WI,600809.SH
CI005019.WI,600866.SH
CI005019.WI,600872.SH
CI005019.WI,600873.SH
CI005019.WI,600887.SH
CI005019.WI,601579.SH
CI005019.WI,603020.SH
CI005019.WI,603027.SH
CI005019.WI,603156.SH
CI005019.WI,603198.SH
CI005019.WI,603288.SH
CI005019.WI,603345.SH
CI005019.WI,603369.SH
CI005019.WI,603517.SH
CI005019.WI,603536.SH
CI005019.WI,603589.SH
CI005019.WI,603696.SH
CI005019.WI,603711.SH
CI005019.WI,603777.SH
CI005019.WI,603779.SH
CI005019.WI,603866.SH
CI005019.WI,603886.SH
CI005019.WI,603919.SH
CI005020.WI,000048.SZ
CI005020.WI,000061.SZ
CI005020.WI,000592.SZ
CI005020.WI,000663.SZ
CI005020.WI,000702.SZ
CI005020.WI,000713.SZ
CI005020.WI,000735.SZ
CI005020.WI,000798.SZ
CI005020.WI,000876.SZ
CI005020.WI,000893.SZ
CI005020.WI,000911.SZ
CI005020.WI,000930.SZ
CI005020.WI,000972.SZ
CI005020.WI,000998.SZ
CI005020.WI,002041.SZ
CI005020.WI,002069.SZ
CI005020.WI,002086.SZ
CI005020.WI,002100.SZ
CI005020.WI,002124.SZ
CI005020.WI,002157.SZ
CI005020.WI,002200.SZ
CI005020.WI,002220.SZ
CI005020.WI,002234.SZ
CI005020.WI,002259.SZ
CI005020.WI,002286.SZ
CI005020.WI,002299.SZ
CI005020.WI,002311.SZ
CI005020.WI,002321.SZ
CI005020.WI,002385.SZ
CI005020.WI,002447.SZ
CI005020.WI,002458.SZ
CI005020.WI,002477.SZ
CI005020.WI,002505.SZ
CI005020.WI,002548.SZ
CI005020.WI,002567.SZ
CI005020.WI,002604.SZ
CI005020.WI,002631.SZ
CI005020.WI,002679.SZ
CI005020.WI,002714.SZ
CI005020.WI,002746.SZ
CI005020.WI,002772.SZ
CI005020.WI,002852.SZ
CI005020.WI,002868.SZ
CI005020.WI,300087.SZ
CI005020.WI,300094.SZ
CI005020.WI,300106.SZ
CI005020.WI,300119.SZ
CI005020.WI,300149.SZ
CI005020.WI,300175.SZ
CI005020.WI,300186.SZ
CI005020.WI,300189.SZ
CI005020.WI,300268.SZ
CI005020.WI,300313.SZ
CI005020.WI,300381.SZ
CI005020.WI,300498.SZ
CI005020.WI,300511.SZ
CI005020.WI,300673.SZ
CI005020.WI,600097.SH
CI005020.WI,600108.SH
CI005020.WI,600127.SH
CI005020.WI,600189.SH
CI005020.WI,600191.SH
CI005020.WI,600195.SH
CI005020.WI,600201.SH
CI005020.WI,600251.SH
CI005020.WI,600257.SH
CI005020.WI,600265.SH
CI005020.WI,600275.SH
CI005020.WI,600313.SH
CI005020.WI,600354.SH
CI005020.WI,600359.SH
CI005020.WI,600371.SH
CI005020.WI,600438.SH
CI005020.WI,600467.SH
CI005020.WI,600506.SH
CI005020.WI,600540.SH
CI005020.WI,600598.SH
CI005020.WI,600737.SH
CI005020.WI,600962.SH
CI005020.WI,600965.SH
CI005020.WI,600975.SH
CI005020.WI,600978.SH
CI005020.WI,601118.SH
CI005020.WI,601952.SH
CI005020.WI,601996.SH
CI005020.WI,603336.SH
CI005020.WI,603363.SH
CI005020.WI,603566.SH
CI005020.WI,603609.SH
CI005020.WI,603668.SH
CI005020.WI,603818.SH
CI005021.WI,000001.SZ
CI005021.WI,002142.SZ
CI005021.WI,002807.SZ
CI005021.WI,002839.SZ
CI005021.WI,600000.SH
CI005021.WI,600015.SH
CI005021.WI,600016.SH
CI005021.WI,600036.SH
CI005021.WI,600908.SH
CI005021.WI,600919.SH
CI005021.WI,600926.SH
CI005021.WI,601009.SH
CI005021.WI,601128.SH
CI005021.WI,601166.SH
CI005021.WI,601169.SH
CI005021.WI,601229.SH
CI005021.WI,601288.SH
CI005021.WI,601328.SH
CI005021.WI,601398.SH
CI005021.WI,601818.SH
CI005021.WI,601838.SH
CI005021.WI,601939.SH
CI005021.WI,601988.SH
CI005021.WI,601997.SH
CI005021.WI,601998.SH
CI005021.WI,603323.SH
CI005022.WI,000166.SZ
CI005022.WI,000415.SZ
CI005022.WI,000416.SZ
CI005022.WI,000562.SZ
CI005022.WI,000563.SZ
CI005022.WI,000617.SZ
CI005022.WI,000623.SZ
CI005022.WI,000627.SZ
CI005022.WI,000666.SZ
CI005022.WI,000686.SZ
CI005022.WI,000712.SZ
CI005022.WI,000728.SZ
CI005022.WI,000750.SZ
CI005022.WI,000776.SZ
CI005022.WI,000783.SZ
CI005022.WI,000987.SZ
CI005022.WI,002500.SZ
CI005022.WI,002673.SZ
CI005022.WI,002736.SZ
CI005022.WI,002797.SZ
CI005022.WI,002926.SZ
CI005022.WI,300023.SZ
CI005022.WI,600030.SH
CI005022.WI,600053.SH
CI005022.WI,600061.SH
CI005022.WI,600109.SH
CI005022.WI,600291.SH
CI005022.WI,600369.SH
CI005022.WI,600599.SH
CI005022.WI,600695.SH
CI005022.WI,600705.SH
CI005022.WI,600739.SH
CI005022.WI,600816.SH
CI005022.WI,600837.SH
CI005022.WI,600901.SH
CI005022.WI,600909.SH
CI005022.WI,600958.SH
CI005022.WI,600999.SH
CI005022.WI,601099.SH
CI005022.WI,601108.SH
CI005022.WI,601198.SH
CI005022.WI,601211.SH
CI005022.WI,601318.SH
CI005022.WI,601336.SH
CI005022.WI,601375.SH
CI005022.WI,601377.SH
CI005022.WI,601555.SH
CI005022.WI,601601.SH
CI005022.WI,601628.SH
CI005022.WI,601688.SH
CI005022.WI,601788.SH
CI005022.WI,601878.SH
CI005022.WI,601881.SH
CI005022.WI,601901.SH
CI005023.WI,000002.SZ
CI005023.WI,000006.SZ
CI005023.WI,000007.SZ
CI005023.WI,000011.SZ
CI005023.WI,000014.SZ
CI005023.WI,000024.SZ
CI005023.WI,000029.SZ
CI005023.WI,000031.SZ
CI005023.WI,000036.SZ
CI005023.WI,000042.SZ
CI005023.WI,000043.SZ
CI005023.WI,000046.SZ
CI005023.WI,000056.SZ
CI005023.WI,000058.SZ
CI005023.WI,000062.SZ
CI005023.WI,000069.SZ
CI005023.WI,000402.SZ
CI005023.WI,000502.SZ
CI005023.WI,000505.SZ
CI005023.WI,000506.SZ
CI005023.WI,000514.SZ
CI005023.WI,000517.SZ
CI005023.WI,000526.SZ
CI005023.WI,000534.SZ
CI005023.WI,000537.SZ
CI005023.WI,000540.SZ
CI005023.WI,000558.SZ
CI005023.WI,000567.SZ
CI005023.WI,000573.SZ
CI005023.WI,000608.SZ
CI005023.WI,000609.SZ
CI005023.WI,000615.SZ
CI005023.WI,000616.SZ
CI005023.WI,000620.SZ
CI005023.WI,000631.SZ
CI005023.WI,000638.SZ
CI005023.WI,000656.SZ
CI005023.WI,000667.SZ
CI005023.WI,000668.SZ
CI005023.WI,000671.SZ
CI005023.WI,000691.SZ
CI005023.WI,000718.SZ
CI005023.WI,000732.SZ
CI005023.WI,000736.SZ
CI005023.WI,000797.SZ
CI005023.WI,000809.SZ
CI005023.WI,000838.SZ
CI005023.WI,000863.SZ
CI005023.WI,000897.SZ
CI005023.WI,000918.SZ
CI005023.WI,000926.SZ
CI005023.WI,000961.SZ
CI005023.WI,000965.SZ
CI005023.WI,000979.SZ
CI005023.WI,000981.SZ
CI005023.WI,001979.SZ
CI005023.WI,002016.SZ
CI005023.WI,002077.SZ
CI005023.WI,002113.SZ
CI005023.WI,002133.SZ
CI005023.WI,002146.SZ
CI005023.WI,002147.SZ
CI005023.WI,002208.SZ
CI005023.WI,002244.SZ
CI005023.WI,002285.SZ
CI005023.WI,002305.SZ
CI005023.WI,300492.SZ
CI005023.WI,300675.SZ
CI005023.WI,300732.SZ
CI005023.WI,600007.SH
CI005023.WI,600048.SH
CI005023.WI,600052.SH
CI005023.WI,600064.SH
CI005023.WI,600067.SH
CI005023.WI,600077.SH
CI005023.WI,600094.SH
CI005023.WI,600095.SH
CI005023.WI,600113.SH
CI005023.WI,600133.SH
CI005023.WI,600158.SH
CI005023.WI,600159.SH
CI005023.WI,600162.SH
CI005023.WI,600173.SH
CI005023.WI,600177.SH
CI005023.WI,600185.SH
CI005023.WI,600208.SH
CI005023.WI,600215.SH
CI005023.WI,600223.SH
CI005023.WI,600225.SH
CI005023.WI,600239.SH
CI005023.WI,600240.SH
CI005023.WI,600246.SH
CI005023.WI,600266.SH
CI005023.WI,600322.SH
CI005023.WI,600325.SH
CI005023.WI,600340.SH
CI005023.WI,600376.SH
CI005023.WI,600383.SH
CI005023.WI,600393.SH
CI005023.WI,600463.SH
CI005023.WI,600466.SH
CI005023.WI,600503.SH
CI005023.WI,600515.SH
CI005023.WI,600533.SH
CI005023.WI,600555.SH
CI005023.WI,600556.SH
CI005023.WI,600565.SH
CI005023.WI,600568.SH
CI005023.WI,600576.SH
CI005023.WI,600603.SH
CI005023.WI,600604.SH
CI005023.WI,600606.SH
CI005023.WI,600620.SH
CI005023.WI,600621.SH
CI005023.WI,600622.SH
CI005023.WI,600638.SH
CI005023.WI,600639.SH
CI005023.WI,600641.SH
CI005023.WI,600647.SH
CI005023.WI,600649.SH
CI005023.WI,600657.SH
CI005023.WI,600658.SH
CI005023.WI,600663.SH
CI005023.WI,600665.SH
CI005023.WI,600675.SH
CI005023.WI,600683.SH
CI005023.WI,600684.SH
CI005023.WI,600696.SH
CI005023.WI,600708.SH
CI005023.WI,600716.SH
CI005023.WI,600724.SH
CI005023.WI,600732.SH
CI005023.WI,600733.SH
CI005023.WI,600736.SH
CI005023.WI,600743.SH
CI005023.WI,600748.SH
CI005023.WI,600773.SH
CI005023.WI,600791.SH
CI005023.WI,600807.SH
CI005023.WI,600817.SH
CI005023.WI,600823.SH
CI005023.WI,600840.SH
CI005023.WI,600848.SH
CI005023.WI,600890.SH
CI005023.WI,600895.SH
CI005023.WI,601155.SH
CI005023.WI,601588.SH
CI005023.WI,603357.SH
CI005023.WI,603506.SH
CI005023.WI,603778.SH
CI005023.WI,603955.SH
CI005024.WI,000022.SZ
CI005024.WI,000088.SZ
CI005024.WI,000089.SZ
CI005024.WI,000099.SZ
CI005024.WI,000429.SZ
CI005024.WI,000507.SZ
CI005024.WI,000520.SZ
CI005024.WI,000548.SZ
CI005024.WI,000557.SZ
CI005024.WI,000582.SZ
CI005024.WI,000594.SZ
CI005024.WI,000828.SZ
CI005024.WI,000886.SZ
CI005024.WI,000900.SZ
CI005024.WI,000905.SZ
CI005024.WI,000916.SZ
CI005024.WI,001965.SZ
CI005024.WI,002040.SZ
CI005024.WI,002120.SZ
CI005024.WI,002183.SZ
CI005024.WI,002210.SZ
CI005024.WI,002245.SZ
CI005024.WI,002320.SZ
CI005024.WI,002352.SZ
CI005024.WI,002357.SZ
CI005024.WI,002468.SZ
CI005024.WI,002492.SZ
CI005024.WI,002627.SZ
CI005024.WI,002711.SZ
CI005024.WI,002769.SZ
CI005024.WI,002800.SZ
CI005024.WI,002928.SZ
CI005024.WI,300013.SZ
CI005024.WI,300240.SZ
CI005024.WI,300350.SZ
CI005024.WI,600003.SH
CI005024.WI,600004.SH
CI005024.WI,600009.SH
CI005024.WI,600012.SH
CI005024.WI,600017.SH
CI005024.WI,600018.SH
CI005024.WI,600020.SH
CI005024.WI,600026.SH
CI005024.WI,600029.SH
CI005024.WI,600033.SH
CI005024.WI,600035.SH
CI005024.WI,600057.SH
CI005024.WI,600087.SH
CI005024.WI,600106.SH
CI005024.WI,600115.SH
CI005024.WI,600119.SH
CI005024.WI,600125.SH
CI005024.WI,600153.SH
CI005024.WI,600179.SH
CI005024.WI,600180.SH
CI005024.WI,600190.SH
CI005024.WI,600221.SH
CI005024.WI,600233.SH
CI005024.WI,600242.SH
CI005024.WI,600269.SH
CI005024.WI,600270.SH
CI005024.WI,600279.SH
CI005024.WI,600317.SH
CI005024.WI,600350.SH
CI005024.WI,600368.SH
CI005024.WI,600377.SH
CI005024.WI,600428.SH
CI005024.WI,600548.SH
CI005024.WI,600561.SH
CI005024.WI,600575.SH
CI005024.WI,600591.SH
CI005024.WI,600611.SH
CI005024.WI,600650.SH
CI005024.WI,600662.SH
CI005024.WI,600692.SH
CI005024.WI,600717.SH
CI005024.WI,600751.SH
CI005024.WI,600787.SH
CI005024.WI,600794.SH
CI005024.WI,600798.SH
CI005024.WI,600834.SH
CI005024.WI,600896.SH
CI005024.WI,600897.SH
CI005024.WI,601000.SH
CI005024.WI,601006.SH
CI005024.WI,601008.SH
CI005024.WI,601018.SH
CI005024.WI,601021.SH
CI005024.WI,601107.SH
CI005024.WI,601111.SH
CI005024.WI,601188.SH
CI005024.WI,601228.SH
CI005024.WI,601326.SH
CI005024.WI,601333.SH
CI005024.WI,601518.SH
CI005024.WI,601866.SH
CI005024.WI,601872.SH
CI005024.WI,601880.SH
CI005024.WI,601919.SH
CI005024.WI,603032.SH
CI005024.WI,603056.SH
CI005024.WI,603066.SH
CI005024.WI,603069.SH
CI005024.WI,603117.SH
CI005024.WI,603128.SH
CI005024.WI,603167.SH
CI005024.WI,603223.SH
CI005024.WI,603329.SH
CI005024.WI,603535.SH
CI005024.WI,603648.SH
CI005024.WI,603813.SH
CI005024.WI,603871.SH
CI005024.WI,603885.SH
CI005025.WI,000020.SZ
CI005025.WI,000021.SZ
CI005025.WI,000045.SZ
CI005025.WI,000049.SZ
CI005025.WI,000050.SZ
CI005025.WI,000413.SZ
CI005025.WI,000532.SZ
CI005025.WI,000536.SZ
CI005025.WI,000636.SZ
CI005025.WI,000670.SZ
CI005025.WI,000701.SZ
CI005025.WI,000725.SZ
CI005025.WI,000727.SZ
CI005025.WI,000733.SZ
CI005025.WI,000823.SZ
CI005025.WI,000970.SZ
CI005025.WI,000988.SZ
CI005025.WI,002005.SZ
CI005025.WI,002008.SZ
CI005025.WI,002036.SZ
CI005025.WI,002045.SZ
CI005025.WI,002049.SZ
CI005025.WI,002052.SZ
CI005025.WI,002055.SZ
CI005025.WI,002056.SZ
CI005025.WI,002079.SZ
CI005025.WI,002106.SZ
CI005025.WI,002119.SZ
CI005025.WI,002130.SZ
CI005025.WI,002134.SZ
CI005025.WI,002138.SZ
CI005025.WI,002139.SZ
CI005025.WI,002141.SZ
CI005025.WI,002156.SZ
CI005025.WI,002180.SZ
CI005025.WI,002185.SZ
CI005025.WI,002189.SZ
CI005025.WI,002197.SZ
CI005025.WI,002199.SZ
CI005025.WI,002217.SZ
CI005025.WI,002222.SZ
CI005025.WI,002236.SZ
CI005025.WI,002241.SZ
CI005025.WI,002273.SZ
CI005025.WI,002288.SZ
CI005025.WI,002289.SZ
CI005025.WI,002341.SZ
CI005025.WI,002351.SZ
CI005025.WI,002369.SZ
CI005025.WI,002371.SZ
CI005025.WI,002388.SZ
CI005025.WI,002389.SZ
CI005025.WI,002402.SZ
CI005025.WI,002415.SZ
CI005025.WI,002436.SZ
CI005025.WI,002449.SZ
CI005025.WI,002456.SZ
CI005025.WI,002463.SZ
CI005025.WI,002475.SZ
CI005025.WI,002484.SZ
CI005025.WI,002504.SZ
CI005025.WI,002527.SZ
CI005025.WI,002528.SZ
CI005025.WI,002579.SZ
CI005025.WI,002587.SZ
CI005025.WI,002600.SZ
CI005025.WI,002618.SZ
CI005025.WI,002636.SZ
CI005025.WI,002647.SZ
CI005025.WI,002654.SZ
CI005025.WI,002660.SZ
CI005025.WI,002681.SZ
CI005025.WI,002724.SZ
CI005025.WI,002733.SZ
CI005025.WI,002745.SZ
CI005025.WI,002782.SZ
CI005025.WI,002808.SZ
CI005025.WI,002815.SZ
CI005025.WI,002841.SZ
CI005025.WI,002845.SZ
CI005025.WI,002861.SZ
CI005025.WI,002876.SZ
CI005025.WI,002881.SZ
CI005025.WI,002888.SZ
CI005025.WI,002902.SZ
CI005025.WI,002913.SZ
CI005025.WI,002916.SZ
CI005025.WI,002922.SZ
CI005025.WI,002925.SZ
CI005025.WI,300007.SZ
CI005025.WI,300014.SZ
CI005025.WI,300028.SZ
CI005025.WI,300032.SZ
CI005025.WI,300046.SZ
CI005025.WI,300053.SZ
CI005025.WI,300077.SZ
CI005025.WI,300083.SZ
CI005025.WI,300088.SZ
CI005025.WI,300102.SZ
CI005025.WI,300115.SZ
CI005025.WI,300127.SZ
CI005025.WI,300128.SZ
CI005025.WI,300131.SZ
CI005025.WI,300139.SZ
CI005025.WI,300155.SZ
CI005025.WI,300162.SZ
CI005025.WI,300183.SZ
CI005025.WI,300184.SZ
CI005025.WI,300207.SZ
CI005025.WI,300219.SZ
CI005025.WI,300220.SZ
CI005025.WI,300223.SZ
CI005025.WI,300224.SZ
CI005025.WI,300227.SZ
CI005025.WI,300232.SZ
CI005025.WI,300241.SZ
CI005025.WI,300256.SZ
CI005025.WI,300269.SZ
CI005025.WI,300282.SZ
CI005025.WI,300296.SZ
CI005025.WI,300301.SZ
CI005025.WI,300303.SZ
CI005025.WI,300319.SZ
CI005025.WI,300323.SZ
CI005025.WI,300327.SZ
CI005025.WI,300331.SZ
CI005025.WI,300346.SZ
CI005025.WI,300356.SZ
CI005025.WI,300360.SZ
CI005025.WI,300373.SZ
CI005025.WI,300389.SZ
CI005025.WI,300390.SZ
CI005025.WI,300395.SZ
CI005025.WI,300408.SZ
CI005025.WI,300433.SZ
CI005025.WI,300438.SZ
CI005025.WI,300446.SZ
CI005025.WI,300460.SZ
CI005025.WI,300462.SZ
CI005025.WI,300476.SZ
CI005025.WI,300491.SZ
CI005025.WI,300493.SZ
CI005025.WI,300515.SZ
CI005025.WI,300516.SZ
CI005025.WI,300543.SZ
CI005025.WI,300545.SZ
CI005025.WI,300566.SZ
CI005025.WI,300602.SZ
CI005025.WI,300604.SZ
CI005025.WI,300613.SZ
CI005025.WI,300623.SZ
CI005025.WI,300647.SZ
CI005025.WI,300656.SZ
CI005025.WI,300657.SZ
CI005025.WI,300660.SZ
CI005025.WI,300661.SZ
CI005025.WI,300666.SZ
CI005025.WI,300667.SZ
CI005025.WI,300671.SZ
CI005025.WI,300672.SZ
CI005025.WI,300679.SZ
CI005025.WI,300686.SZ
CI005025.WI,300691.SZ
CI005025.WI,300701.SZ
CI005025.WI,300708.SZ
CI005025.WI,300709.SZ
CI005025.WI,300726.SZ
CI005025.WI,300739.SZ
CI005025.WI,600071.SH
CI005025.WI,600110.SH
CI005025.WI,600171.SH
CI005025.WI,600183.SH
CI005025.WI,600203.SH
CI005025.WI,600206.SH
CI005025.WI,600237.SH
CI005025.WI,600288.SH
CI005025.WI,600353.SH
CI005025.WI,600360.SH
CI005025.WI,600363.SH
CI005025.WI,600401.SH
CI005025.WI,600460.SH
CI005025.WI,600478.SH
CI005025.WI,600525.SH
CI005025.WI,600563.SH
CI005025.WI,600584.SH
CI005025.WI,600602.SH
CI005025.WI,600654.SH
CI005025.WI,600667.SH
CI005025.WI,600703.SH
CI005025.WI,600707.SH
CI005025.WI,600747.SH
CI005025.WI,600884.SH
CI005025.WI,601231.SH
CI005025.WI,603005.SH
CI005025.WI,603160.SH
CI005025.WI,603186.SH
CI005025.WI,603228.SH
CI005025.WI,603328.SH
CI005025.WI,603380.SH
CI005025.WI,603386.SH
CI005025.WI,603501.SH
CI005025.WI,603508.SH
CI005025.WI,603595.SH
CI005025.WI,603633.SH
CI005025.WI,603659.SH
CI005025.WI,603678.SH
CI005025.WI,603688.SH
CI005025.WI,603703.SH
CI005025.WI,603738.SH
CI005025.WI,603920.SH
CI005025.WI,603933.SH
CI005025.WI,603936.SH
CI005025.WI,603986.SH
CI005025.WI,603989.SH
CI005025.WI,603996.SH
CI005026.WI,000032.SZ
CI005026.WI,000063.SZ
CI005026.WI,000070.SZ
CI005026.WI,000586.SZ
CI005026.WI,000829.SZ
CI005026.WI,000836.SZ
CI005026.WI,000851.SZ
CI005026.WI,000889.SZ
CI005026.WI,000971.SZ
CI005026.WI,002017.SZ
CI005026.WI,002089.SZ
CI005026.WI,002093.SZ
CI005026.WI,002104.SZ
CI005026.WI,002115.SZ
CI005026.WI,002148.SZ
CI005026.WI,002161.SZ
CI005026.WI,002194.SZ
CI005026.WI,002231.SZ
CI005026.WI,002261.SZ
CI005026.WI,002281.SZ
CI005026.WI,002296.SZ
CI005026.WI,002309.SZ
CI005026.WI,002313.SZ
CI005026.WI,002316.SZ
CI005026.WI,002335.SZ
CI005026.WI,002359.SZ
CI005026.WI,002396.SZ
CI005026.WI,002416.SZ
CI005026.WI,002417.SZ
CI005026.WI,002446.SZ
CI005026.WI,002467.SZ
CI005026.WI,002491.SZ
CI005026.WI,002544.SZ
CI005026.WI,002547.SZ
CI005026.WI,002583.SZ
CI005026.WI,002792.SZ
CI005026.WI,002813.SZ
CI005026.WI,002848.SZ
CI005026.WI,002897.SZ
CI005026.WI,002908.SZ
CI005026.WI,002929.SZ
CI005026.WI,300017.SZ
CI005026.WI,300025.SZ
CI005026.WI,300038.SZ
CI005026.WI,300047.SZ
CI005026.WI,300050.SZ
CI005026.WI,300081.SZ
CI005026.WI,300134.SZ
CI005026.WI,300136.SZ
CI005026.WI,300205.SZ
CI005026.WI,300211.SZ
CI005026.WI,300213.SZ
CI005026.WI,300250.SZ
CI005026.WI,300264.SZ
CI005026.WI,300288.SZ
CI005026.WI,300292.SZ
CI005026.WI,300299.SZ
CI005026.WI,300310.SZ
CI005026.WI,300312.SZ
CI005026.WI,300322.SZ
CI005026.WI,300353.SZ
CI005026.WI,300366.SZ
CI005026.WI,300383.SZ
CI005026.WI,300394.SZ
CI005026.WI,300414.SZ
CI005026.WI,300502.SZ
CI005026.WI,300531.SZ
CI005026.WI,300548.SZ
CI005026.WI,300555.SZ
CI005026.WI,300560.SZ
CI005026.WI,300563.SZ
CI005026.WI,300565.SZ
CI005026.WI,300570.SZ
CI005026.WI,300571.SZ
CI005026.WI,300578.SZ
CI005026.WI,300590.SZ
CI005026.WI,300593.SZ
CI005026.WI,300597.SZ
CI005026.WI,300603.SZ
CI005026.WI,300615.SZ
CI005026.WI,300620.SZ
CI005026.WI,300627.SZ
CI005026.WI,300628.SZ
CI005026.WI,300638.SZ
CI005026.WI,300689.SZ
CI005026.WI,300698.SZ
CI005026.WI,300710.SZ
CI005026.WI,300711.SZ
CI005026.WI,300731.SZ
CI005026.WI,300735.SZ
CI005026.WI,300736.SZ
CI005026.WI,600050.SH
CI005026.WI,600105.SH
CI005026.WI,600130.SH
CI005026.WI,600198.SH
CI005026.WI,600260.SH
CI005026.WI,600289.SH
CI005026.WI,600345.SH
CI005026.WI,600355.SH
CI005026.WI,600405.SH
CI005026.WI,600462.SH
CI005026.WI,600485.SH
CI005026.WI,600487.SH
CI005026.WI,600498.SH
CI005026.WI,600522.SH
CI005026.WI,600680.SH
CI005026.WI,600745.SH
CI005026.WI,600764.SH
CI005026.WI,600775.SH
CI005026.WI,600776.SH
CI005026.WI,600797.SH
CI005026.WI,600804.SH
CI005026.WI,603003.SH
CI005026.WI,603042.SH
CI005026.WI,603083.SH
CI005026.WI,603118.SH
CI005026.WI,603322.SH
CI005026.WI,603421.SH
CI005026.WI,603516.SH
CI005026.WI,603559.SH
CI005026.WI,603602.SH
CI005026.WI,603712.SH
CI005026.WI,603803.SH
CI005027.WI,000034.SZ
CI005027.WI,000066.SZ
CI005027.WI,000555.SZ
CI005027.WI,000662.SZ
CI005027.WI,000748.SZ
CI005027.WI,000938.SZ
CI005027.WI,000948.SZ
CI005027.WI,000977.SZ
CI005027.WI,000997.SZ
CI005027.WI,002063.SZ
CI005027.WI,002065.SZ
CI005027.WI,002090.SZ
CI005027.WI,002152.SZ
CI005027.WI,002153.SZ
CI005027.WI,002177.SZ
CI005027.WI,002195.SZ
CI005027.WI,002230.SZ
CI005027.WI,002232.SZ
CI005027.WI,002253.SZ
CI005027.WI,002268.SZ
CI005027.WI,002279.SZ
CI005027.WI,002280.SZ
CI005027.WI,002306.SZ
CI005027.WI,002308.SZ
CI005027.WI,002312.SZ
CI005027.WI,002331.SZ
CI005027.WI,002362.SZ
CI005027.WI,002368.SZ
CI005027.WI,002373.SZ
CI005027.WI,002376.SZ
CI005027.WI,002380.SZ
CI005027.WI,002383.SZ
CI005027.WI,002401.SZ
CI005027.WI,002405.SZ
CI005027.WI,002410.SZ
CI005027.WI,002439.SZ
CI005027.WI,002474.SZ
CI005027.WI,002512.SZ
CI005027.WI,002518.SZ
CI005027.WI,002546.SZ
CI005027.WI,002577.SZ
CI005027.WI,002609.SZ
CI005027.WI,002635.SZ
CI005027.WI,002642.SZ
CI005027.WI,002649.SZ
CI005027.WI,002657.SZ
CI005027.WI,002766.SZ
CI005027.WI,002771.SZ
CI005027.WI,002777.SZ
CI005027.WI,002829.SZ
CI005027.WI,002835.SZ
CI005027.WI,002866.SZ
CI005027.WI,002869.SZ
CI005027.WI,002906.SZ
CI005027.WI,002912.SZ
CI005027.WI,300002.SZ
CI005027.WI,300010.SZ
CI005027.WI,300020.SZ
CI005027.WI,300033.SZ
CI005027.WI,300036.SZ
CI005027.WI,300042.SZ
CI005027.WI,300074.SZ
CI005027.WI,300075.SZ
CI005027.WI,300076.SZ
CI005027.WI,300078.SZ
CI005027.WI,300085.SZ
CI005027.WI,300096.SZ
CI005027.WI,300098.SZ
CI005027.WI,300130.SZ
CI005027.WI,300150.SZ
CI005027.WI,300157.SZ
CI005027.WI,300166.SZ
CI005027.WI,300167.SZ
CI005027.WI,300168.SZ
CI005027.WI,300170.SZ
CI005027.WI,300177.SZ
CI005027.WI,300182.SZ
CI005027.WI,300188.SZ
CI005027.WI,300191.SZ
CI005027.WI,300202.SZ
CI005027.WI,300209.SZ
CI005027.WI,300212.SZ
CI005027.WI,300229.SZ
CI005027.WI,300231.SZ
CI005027.WI,300235.SZ
CI005027.WI,300245.SZ
CI005027.WI,300248.SZ
CI005027.WI,300253.SZ
CI005027.WI,300270.SZ
CI005027.WI,300271.SZ
CI005027.WI,300275.SZ
CI005027.WI,300277.SZ
CI005027.WI,300287.SZ
CI005027.WI,300290.SZ
CI005027.WI,300297.SZ
CI005027.WI,300302.SZ
CI005027.WI,300311.SZ
CI005027.WI,300324.SZ
CI005027.WI,300330.SZ
CI005027.WI,300333.SZ
CI005027.WI,300339.SZ
CI005027.WI,300348.SZ
CI005027.WI,300352.SZ
CI005027.WI,300365.SZ
CI005027.WI,300367.SZ
CI005027.WI,300369.SZ
CI005027.WI,300377.SZ
CI005027.WI,300378.SZ
CI005027.WI,300379.SZ
CI005027.WI,300380.SZ
CI005027.WI,300386.SZ
CI005027.WI,300399.SZ
CI005027.WI,300419.SZ
CI005027.WI,300440.SZ
CI005027.WI,300448.SZ
CI005027.WI,300449.SZ
CI005027.WI,300451.SZ
CI005027.WI,300455.SZ
CI005027.WI,300458.SZ
CI005027.WI,300465.SZ
CI005027.WI,300468.SZ
CI005027.WI,300469.SZ
CI005027.WI,300479.SZ
CI005027.WI,300494.SZ
CI005027.WI,300496.SZ
CI005027.WI,300508.SZ
CI005027.WI,300513.SZ
CI005027.WI,300520.SZ
CI005027.WI,300523.SZ
CI005027.WI,300525.SZ
CI005027.WI,300532.SZ
CI005027.WI,300541.SZ
CI005027.WI,300542.SZ
CI005027.WI,300546.SZ
CI005027.WI,300550.SZ
CI005027.WI,300552.SZ
CI005027.WI,300556.SZ
CI005027.WI,300559.SZ
CI005027.WI,300561.SZ
CI005027.WI,300579.SZ
CI005027.WI,300588.SZ
CI005027.WI,300598.SZ
CI005027.WI,300605.SZ
CI005027.WI,300608.SZ
CI005027.WI,300609.SZ
CI005027.WI,300624.SZ
CI005027.WI,300645.SZ
CI005027.WI,300659.SZ
CI005027.WI,300663.SZ
CI005027.WI,300678.SZ
CI005027.WI,300682.SZ
CI005027.WI,300687.SZ
CI005027.WI,300730.SZ
CI005027.WI,300738.SZ
CI005027.WI,600100.SH
CI005027.WI,600271.SH
CI005027.WI,600410.SH
CI005027.WI,600446.SH
CI005027.WI,600476.SH
CI005027.WI,600536.SH
CI005027.WI,600570.SH
CI005027.WI,600571.SH
CI005027.WI,600588.SH
CI005027.WI,600601.SH
CI005027.WI,600701.SH
CI005027.WI,600718.SH
CI005027.WI,600728.SH
CI005027.WI,600734.SH
CI005027.WI,600756.SH
CI005027.WI,600845.SH
CI005027.WI,600850.SH
CI005027.WI,601360.SH
CI005027.WI,601519.SH
CI005027.WI,603019.SH
CI005027.WI,603025.SH
CI005027.WI,603039.SH
CI005027.WI,603106.SH
CI005027.WI,603138.SH
CI005027.WI,603189.SH
CI005027.WI,603232.SH
CI005027.WI,603383.SH
CI005027.WI,603496.SH
CI005027.WI,603528.SH
CI005027.WI,603636.SH
CI005027.WI,603660.SH
CI005027.WI,603859.SH
CI005027.WI,603881.SH
CI005027.WI,603890.SH
CI005027.WI,603918.SH
CI005027.WI,603990.SH
CI005028.WI,000038.SZ
CI005028.WI,000156.SZ
CI005028.WI,000606.SZ
CI005028.WI,000607.SZ
CI005028.WI,000665.SZ
CI005028.WI,000673.SZ
CI005028.WI,000676.SZ
CI005028.WI,000681.SZ
CI005028.WI,000719.SZ
CI005028.WI,000793.SZ
CI005028.WI,000802.SZ
CI005028.WI,000835.SZ
CI005028.WI,000892.SZ
CI005028.WI,000917.SZ
CI005028.WI,002027.SZ
CI005028.WI,002071.SZ
CI005028.WI,002095.SZ
CI005028.WI,002131.SZ
CI005028.WI,002137.SZ
CI005028.WI,002143.SZ
CI005028.WI,002174.SZ
CI005028.WI,002175.SZ
CI005028.WI,002181.SZ
CI005028.WI,002188.SZ
CI005028.WI,002238.SZ
CI005028.WI,002247.SZ
CI005028.WI,002292.SZ
CI005028.WI,002315.SZ
CI005028.WI,002343.SZ
CI005028.WI,002354.SZ
CI005028.WI,002400.SZ
CI005028.WI,002425.SZ
CI005028.WI,002445.SZ
CI005028.WI,002502.SZ
CI005028.WI,002517.SZ
CI005028.WI,002530.SZ
CI005028.WI,002555.SZ
CI005028.WI,002558.SZ
CI005028.WI,002599.SZ
CI005028.WI,002602.SZ
CI005028.WI,002624.SZ
CI005028.WI,002655.SZ
CI005028.WI,002712.SZ
CI005028.WI,002739.SZ
CI005028.WI,002858.SZ
CI005028.WI,002878.SZ
CI005028.WI,002889.SZ
CI005028.WI,002905.SZ
CI005028.WI,300027.SZ
CI005028.WI,300031.SZ
CI005028.WI,300051.SZ
CI005028.WI,300052.SZ
CI005028.WI,300058.SZ
CI005028.WI,300059.SZ
CI005028.WI,300063.SZ
CI005028.WI,300071.SZ
CI005028.WI,300079.SZ
CI005028.WI,300104.SZ
CI005028.WI,300113.SZ
CI005028.WI,300133.SZ
CI005028.WI,300148.SZ
CI005028.WI,300226.SZ
CI005028.WI,300242.SZ
CI005028.WI,300251.SZ
CI005028.WI,300291.SZ
CI005028.WI,300295.SZ
CI005028.WI,300315.SZ
CI005028.WI,300336.SZ
CI005028.WI,300359.SZ
CI005028.WI,300364.SZ
CI005028.WI,300392.SZ
CI005028.WI,300418.SZ
CI005028.WI,300426.SZ
CI005028.WI,300431.SZ
CI005028.WI,300467.SZ
CI005028.WI,300518.SZ
CI005028.WI,300528.SZ
CI005028.WI,300533.SZ
CI005028.WI,300612.SZ
CI005028.WI,300654.SZ
CI005028.WI,600037.SH
CI005028.WI,600088.SH
CI005028.WI,600136.SH
CI005028.WI,600229.SH
CI005028.WI,600373.SH
CI005028.WI,600386.SH
CI005028.WI,600455.SH
CI005028.WI,600551.SH
CI005028.WI,600633.SH
CI005028.WI,600637.SH
CI005028.WI,600652.SH
CI005028.WI,600661.SH
CI005028.WI,600715.SH
CI005028.WI,600757.SH
CI005028.WI,600825.SH
CI005028.WI,600831.SH
CI005028.WI,600880.SH
CI005028.WI,600892.SH
CI005028.WI,600936.SH
CI005028.WI,600959.SH
CI005028.WI,600977.SH
CI005028.WI,600996.SH
CI005028.WI,601019.SH
CI005028.WI,601098.SH
CI005028.WI,601595.SH
CI005028.WI,601599.SH
CI005028.WI,601801.SH
CI005028.WI,601811.SH
CI005028.WI,601858.SH
CI005028.WI,601900.SH
CI005028.WI,601928.SH
CI005028.WI,601929.SH
CI005028.WI,601949.SH
CI005028.WI,601999.SH
CI005028.WI,603000.SH
CI005028.WI,603096.SH
CI005028.WI,603103.SH
CI005028.WI,603258.SH
CI005028.WI,603444.SH
CI005028.WI,603533.SH
CI005028.WI,603598.SH
CI005028.WI,603721.SH
CI005028.WI,603729.SH
CI005028.WI,603825.SH
CI005028.WI,603888.SH
CI005028.WI,603999.SH
CI005029.WI,000009.SZ
CI005029.WI,000158.SZ
CI005029.WI,000409.SZ
CI005029.WI,000504.SZ
CI005029.WI,000571.SZ
CI005029.WI,000652.SZ
CI005029.WI,000787.SZ
CI005029.WI,000803.SZ
CI005029.WI,000805.SZ
CI005029.WI,000812.SZ
CI005029.WI,000839.SZ
CI005029.WI,000881.SZ
CI005029.WI,000909.SZ
CI005029.WI,000931.SZ
CI005029.WI,002638.SZ
CI005029.WI,002667.SZ
CI005029.WI,300280.SZ
CI005029.WI,300338.SZ
CI005029.WI,300635.SZ
CI005029.WI,300662.SZ
CI005029.WI,300688.SZ
CI005029.WI,600051.SH
CI005029.WI,600070.SH
CI005029.WI,600082.SH
CI005029.WI,600128.SH
CI005029.WI,600149.SH
CI005029.WI,600175.SH
CI005029.WI,600200.SH
CI005029.WI,600207.SH
CI005029.WI,600212.SH
CI005029.WI,600234.SH
CI005029.WI,600382.SH
CI005029.WI,600421.SH
CI005029.WI,600510.SH
CI005029.WI,600624.SH
CI005029.WI,600634.SH
CI005029.WI,600643.SH
CI005029.WI,600668.SH
CI005029.WI,600704.SH
CI005029.WI,600730.SH
CI005029.WI,600770.SH
CI005029.WI,600784.SH
CI005029.WI,600805.SH
CI005029.WI,600832.SH
CI005029.WI,601992.SH
CI005029.WI,603060.SH
CI005029.WI,603183.SH
